file:1660:1786723997738482200:c:/users/admin/appdata/local/microsoft/clr_v4.0/usagelogs/powershell.exe.log,{'file': 'C:\\Users\\admin\\AppData\\Local\\Microsoft\\CLR_v4.0\\UsageLogs\\powershell.exe.log'},18009467
file:1660:1786723997738482200:c:/users/admin/appdata/local/microsoft/windows/powershell/moduleanalysiscache,{'file': 'C:\\Users\\admin\\AppData\\Local\\Microsoft\\Windows\\PowerShell\\ModuleAnalysisCache'},18010230
file:1660:1786723997738482200:c:/users/admin/appdata/local/microsoft/windows/powershell/startupprofiledata-noninteractive,{'file': 'C:\\Users\\admin\\AppData\\Local\\Microsoft\\Windows\\PowerShell\\StartupProfileData-NonInteractive'},18010129
file:1660:1786723997738482200:c:/users/admin/appdata/local/temp/__psscriptpolicytest_kmuu11m0.zqx.psm1,{'file': 'C:\\Users\\admin\\AppData\\Local\\Temp\\__PSScriptPolicyTest_kmuu11m0.zqx.psm1'},18009768
file:1660:1786723997738482200:c:/users/admin/appdata/local/temp/__psscriptpolicytest_q0atwoxw.x0t.ps1,{'file': 'C:\\Users\\admin\\AppData\\Local\\Temp\\__PSScriptPolicyTest_q0atwoxw.x0t.ps1'},18009760
file:1660:1786723997738482200:c:/users/admin/appdata/local/temp/hh1tvq3c/hh1tvq3c.0.cs,{'file': 'C:\\Users\\admin\\AppData\\Local\\Temp\\hh1tvq3c\\hh1tvq3c.0.cs'},18010549
file:1660:1786723997738482200:c:/users/admin/appdata/local/temp/hh1tvq3c/hh1tvq3c.cmdline,{'file': 'C:\\Users\\admin\\AppData\\Local\\Temp\\hh1tvq3c\\hh1tvq3c.cmdline'},18010551
file:1660:1786723997738482200:c:/users/admin/appdata/local/temp/hh1tvq3c/hh1tvq3c.out,{'file': 'C:\\Users\\admin\\AppData\\Local\\Temp\\hh1tvq3c\\hh1tvq3c.out'},18010554
file:1660:1786723997738482200:c:/users/admin/appdata/local/temp/up.ps1,{'file': 'C:\\Users\\admin\\AppData\\Local\\Temp\\up.ps1'},18010508
file:1660:1786723997738482200:c:/users/admin/appdata/local/temp/update.exe,{'file': 'C:\\Users\\admin\\AppData\\Local\\Temp\\update.exe'},18010938
file:1668:1786724215665328000:c:/users/admin/appdata/local/temp/__psscriptpolicytest_3cqz3brv.drp.psm1,{'file': 'C:\\Users\\admin\\AppData\\Local\\Temp\\__PSScriptPolicyTest_3cqz3brv.drp.psm1'},18031151
file:1668:1786724215665328000:c:/users/admin/appdata/local/temp/__psscriptpolicytest_bapina41.ykb.ps1,{'file': 'C:\\Users\\admin\\AppData\\Local\\Temp\\__PSScriptPolicyTest_bapina41.ykb.ps1'},18031150
file:1668:1786724215665328000:c:/users/admin/appdata/local/temp/__psscriptpolicytest_lo0tzdge.xpu.psm1,{'file': 'C:\\Users\\admin\\AppData\\Local\\Temp\\__PSScriptPolicyTest_lo0tzdge.xpu.psm1'},18030424
file:1668:1786724215665328000:c:/users/admin/appdata/local/temp/__psscriptpolicytest_nhhrcxpk.bo1.ps1,{'file': 'C:\\Users\\admin\\AppData\\Local\\Temp\\__PSScriptPolicyTest_nhhrcxpk.bo1.ps1'},18030420
file:3492:1786722340287484900:c:/users/admin/downloads/securityupdate.bat,{'file': 'C:\\Users\\admin\\Downloads\\SecurityUpdate.bat'},18006397
file:4520:1786724238898812900:c:/users/public/loot.zip,{'file': 'C:\\Users\\Public\\loot.zip'},18036935
file:4864:1786724221482738200:c:/users/admin/appdata/local/temp/__psscriptpolicytest_5snw1iha.fma.ps1,{'file': 'C:\\Users\\admin\\AppData\\Local\\Temp\\__PSScriptPolicyTest_5snw1iha.fma.ps1'},18034711
file:4864:1786724221482738200:c:/users/admin/appdata/local/temp/__psscriptpolicytest_bvve5bqu.yps.ps1,{'file': 'C:\\Users\\admin\\AppData\\Local\\Temp\\__PSScriptPolicyTest_bvve5bqu.yps.ps1'},18034012
file:4864:1786724221482738200:c:/users/admin/appdata/local/temp/__psscriptpolicytest_kjezwsau.ptf.psm1,{'file': 'C:\\Users\\admin\\AppData\\Local\\Temp\\__PSScriptPolicyTest_kjezwsau.ptf.psm1'},18034713
file:4864:1786724221482738200:c:/users/admin/appdata/local/temp/__psscriptpolicytest_me3cttou.taq.psm1,{'file': 'C:\\Users\\admin\\AppData\\Local\\Temp\\__PSScriptPolicyTest_me3cttou.taq.psm1'},18034020
file:5128:1786724133981535900:c:/users/public/system.save,{'file': 'C:\\Users\\Public\\system.save'},18022737
file:5512:1786723998515982600:c:/users/admin/appdata/local/temp/resc050.tmp,{'file': 'C:\\Users\\admin\\AppData\\Local\\Temp\\RESC050.tmp'},18010851
file:5900:1786724142812666500:c:/users/public/lsass.dmp,{'file': 'C:\\Users\\Public\\lsass.dmp'},18024520
file:6704:1786724132007800600:c:/$logfile,{'file': 'C:\\$LogFile'},18022029
file:6704:1786724132007800600:c:/users/public/sam.save,{'file': 'C:\\Users\\Public\\sam.save'},18022028
file:8140:1786723998412743600:c:/users/admin/appdata/local/temp/hh1tvq3c/cscd704766d1d7a46d88693506315cc858.tmp,{'file': 'C:\\Users\\admin\\AppData\\Local\\Temp\\hh1tvq3c\\CSCD704766D1D7A46D88693506315CC858.TMP'},18010777
file:8140:1786723998412743600:c:/users/admin/appdata/local/temp/hh1tvq3c/hh1tvq3c.dll,{'file': 'C:\\Users\\admin\\AppData\\Local\\Temp\\hh1tvq3c\\hh1tvq3c.dll'},18010855
netflow:1660:1786723997738482200:tcp:10.50.50.242:54742:10.60.60.10:443,{'netflow': '10.50.50.242:54742 -> 10.60.60.10:443'},18010492
netflow:1660:1786723997738482200:tcp:10.50.50.242:54743:10.60.60.10:443,{'netflow': '10.50.50.242:54743 -> 10.60.60.10:443'},18010936
netflow:3492:1786722340287484900:tcp:10.50.50.242:54735:10.60.60.10:443,{'netflow': '10.50.50.242:54735 -> 10.60.60.10:443'},18006145
netflow:3492:1786722340287484900:tcp:10.50.50.242:54736:10.60.60.10:443,{'netflow': '10.50.50.242:54736 -> 10.60.60.10:443'},18006162
netflow:3492:1786722340287484900:tcp:10.50.50.242:54739:10.60.60.10:443,{'netflow': '10.50.50.242:54739 -> 10.60.60.10:443'},18006369
netflow:4864:1786724221482738200:tcp:10.50.50.242:54756:10.50.50.20:445,{'netflow': '10.50.50.242:54756 -> 10.50.50.20:445'},18035283
netflow:4980:1786724066620768400:tcp:10.50.50.242:54744:10.60.60.20:8888,{'netflow': '10.50.50.242:54744 -> 10.60.60.20:8888'},18011828
registry:1660:1786723997738482200:/registry/machine/system/controlset001/services/bam/state/usersettings/s-1-5-21-319363115-539993444-1518226044-1001//device/harddiskvolume3/windows/system32/windowspowershell/v1.0/powershell.exe,{'file': '\\REGISTRY\\MACHINE\\SYSTEM\\ControlSet001\\Services\\bam\\State\\UserSettings\\S-1-5-21-319363115-539993444-1518226044-1001\\\\Device\\HarddiskVolume3\\Windows\\System32\\WindowsPowerShell\\v1.0\\powershell.exe'},18011847
registry:1660:1786723997738482200:418a073aa3bc3475,{'file': '418A073AA3BC3475'},18011846
registry:1660:1786723997738482200:autodetect,{'file': 'AutoDetect'},18011516
registry:1660:1786723997738482200:certificates,{'file': 'Certificates'},18009713
registry:1660:1786723997738482200:crls,{'file': 'CRLs'},18009724
registry:1660:1786723997738482200:ctls,{'file': 'CTLs'},18009725
registry:1660:1786723997738482200:intranetname,{'file': 'IntranetName'},18011514
registry:1660:1786723997738482200:proxybypass,{'file': 'ProxyBypass'},18011513
registry:1660:1786723997738482200:software/microsoft/enterprisecertificates/ca,{'file': 'Software\\Microsoft\\EnterpriseCertificates\\CA'},18009740
registry:1660:1786723997738482200:software/microsoft/enterprisecertificates/disallowed,{'file': 'Software\\Microsoft\\EnterpriseCertificates\\Disallowed'},18009764
registry:1660:1786723997738482200:software/microsoft/enterprisecertificates/root,{'file': 'Software\\Microsoft\\EnterpriseCertificates\\Root'},18009850
registry:1660:1786723997738482200:software/microsoft/enterprisecertificates/trust,{'file': 'Software\\Microsoft\\EnterpriseCertificates\\trust'},18009904
registry:1660:1786723997738482200:software/microsoft/enterprisecertificates/trustedpeople,{'file': 'Software\\Microsoft\\EnterpriseCertificates\\TrustedPeople'},18009881
registry:1660:1786723997738482200:software/microsoft/tracing,{'file': 'Software\\Microsoft\\Tracing'},18010429
registry:1660:1786723997738482200:software/microsoft/windows/currentversion/internet settings/connections,{'file': 'SOFTWARE\\Microsoft\\Windows\\CurrentVersion\\Internet Settings\\Connections'},18010473
registry:1660:1786723997738482200:software/microsoft/windows/currentversion/wintrust/trust providers/software publishing,{'file': 'Software\\Microsoft\\Windows\\CurrentVersion\\WinTrust\\Trust Providers\\Software Publishing'},18009855
registry:1660:1786723997738482200:software/policies/microsoft/windows/tenantrestrictions/payload,{'file': 'SOFTWARE\\Policies\\Microsoft\\Windows\\TenantRestrictions\\Payload'},18010484
registry:1660:1786723997738482200:system/currentcontrolset/control/securityproviders/schannel,{'file': 'System\\CurrentControlSet\\Control\\SecurityProviders\\Schannel'},18010499
registry:1660:1786723997738482200:system/currentcontrolset/services/tcpip/parameters,{'file': 'System\\CurrentControlSet\\Services\\Tcpip\\Parameters'},18010403
registry:1660:1786723997738482200:tenantrestrictions/payload,{'file': 'TenantRestrictions\\Payload'},18010486
registry:1660:1786723997738482200:uncasintranet,{'file': 'UNCAsIntranet'},18011515
"registry:3392:1786724097749759500:/registry/user/s-1-5-21-319363115-539993444-1518226044-1001_classes/local settings/muicache/6/52c64b7e/@%systemroot%/system32/mlang.dll,-4386","{'file': '\\REGISTRY\\USER\\S-1-5-21-319363115-539993444-1518226044-1001_Classes\\Local Settings\\MuiCache\\6\\52C64B7E\\@%SystemRoot%\\system32\\mlang.dll,-4386'}",18016555
registry:3392:1786724097749759500:software/microsoft/wbem/cimom,{'file': 'Software\\Microsoft\\WBEM\\CIMOM'},18016370
"registry:4980:1786724066620768400:/registry/user/s-1-5-21-319363115-539993444-1518226044-1001_classes/local settings/muicache/6/52c64b7e/c:/windows/system32/,@tzres.dll,-1021","{'file': '\\REGISTRY\\USER\\S-1-5-21-319363115-539993444-1518226044-1001_Classes\\Local Settings\\MuiCache\\6\\52C64B7E\\C:\\Windows\\system32\\,@tzres.dll,-1021'}",18037057
"registry:4980:1786724066620768400:/registry/user/s-1-5-21-319363115-539993444-1518226044-1001_classes/local settings/muicache/6/52c64b7e/c:/windows/system32/,@tzres.dll,-1022","{'file': '\\REGISTRY\\USER\\S-1-5-21-319363115-539993444-1518226044-1001_Classes\\Local Settings\\MuiCache\\6\\52C64B7E\\C:\\Windows\\system32\\,@tzres.dll,-1022'}",18037056
"registry:4980:1786724066620768400:/registry/user/s-1-5-21-319363115-539993444-1518226044-1001_classes/local settings/muicache/6/52c64b7e/c:/windows/system32/,@tzres.dll,-104","{'file': '\\REGISTRY\\USER\\S-1-5-21-319363115-539993444-1518226044-1001_Classes\\Local Settings\\MuiCache\\6\\52C64B7E\\C:\\Windows\\system32\\,@tzres.dll,-104'}",18037085
"registry:4980:1786724066620768400:/registry/user/s-1-5-21-319363115-539993444-1518226044-1001_classes/local settings/muicache/6/52c64b7e/c:/windows/system32/,@tzres.dll,-1041","{'file': '\\REGISTRY\\USER\\S-1-5-21-319363115-539993444-1518226044-1001_Classes\\Local Settings\\MuiCache\\6\\52C64B7E\\C:\\Windows\\system32\\,@tzres.dll,-1041'}",18037367
"registry:4980:1786724066620768400:/registry/user/s-1-5-21-319363115-539993444-1518226044-1001_classes/local settings/muicache/6/52c64b7e/c:/windows/system32/,@tzres.dll,-1042","{'file': '\\REGISTRY\\USER\\S-1-5-21-319363115-539993444-1518226044-1001_Classes\\Local Settings\\MuiCache\\6\\52C64B7E\\C:\\Windows\\system32\\,@tzres.dll,-1042'}",18037366
"registry:4980:1786724066620768400:/registry/user/s-1-5-21-319363115-539993444-1518226044-1001_classes/local settings/muicache/6/52c64b7e/c:/windows/system32/,@tzres.dll,-105","{'file': '\\REGISTRY\\USER\\S-1-5-21-319363115-539993444-1518226044-1001_Classes\\Local Settings\\MuiCache\\6\\52C64B7E\\C:\\Windows\\system32\\,@tzres.dll,-105'}",18037084
"registry:4980:1786724066620768400:/registry/user/s-1-5-21-319363115-539993444-1518226044-1001_classes/local settings/muicache/6/52c64b7e/c:/windows/system32/,@tzres.dll,-11","{'file': '\\REGISTRY\\USER\\S-1-5-21-319363115-539993444-1518226044-1001_Classes\\Local Settings\\MuiCache\\6\\52C64B7E\\C:\\Windows\\system32\\,@tzres.dll,-11'}",18037051
"registry:4980:1786724066620768400:/registry/user/s-1-5-21-319363115-539993444-1518226044-1001_classes/local settings/muicache/6/52c64b7e/c:/windows/system32/,@tzres.dll,-111","{'file': '\\REGISTRY\\USER\\S-1-5-21-319363115-539993444-1518226044-1001_Classes\\Local Settings\\MuiCache\\6\\52C64B7E\\C:\\Windows\\system32\\,@tzres.dll,-111'}",18037130
"registry:4980:1786724066620768400:/registry/user/s-1-5-21-319363115-539993444-1518226044-1001_classes/local settings/muicache/6/52c64b7e/c:/windows/system32/,@tzres.dll,-112","{'file': '\\REGISTRY\\USER\\S-1-5-21-319363115-539993444-1518226044-1001_Classes\\Local Settings\\MuiCache\\6\\52C64B7E\\C:\\Windows\\system32\\,@tzres.dll,-112'}",18037129
"registry:4980:1786724066620768400:/registry/user/s-1-5-21-319363115-539993444-1518226044-1001_classes/local settings/muicache/6/52c64b7e/c:/windows/system32/,@tzres.dll,-12","{'file': '\\REGISTRY\\USER\\S-1-5-21-319363115-539993444-1518226044-1001_Classes\\Local Settings\\MuiCache\\6\\52C64B7E\\C:\\Windows\\system32\\,@tzres.dll,-12'}",18037050
"registry:4980:1786724066620768400:/registry/user/s-1-5-21-319363115-539993444-1518226044-1001_classes/local settings/muicache/6/52c64b7e/c:/windows/system32/,@tzres.dll,-121","{'file': '\\REGISTRY\\USER\\S-1-5-21-319363115-539993444-1518226044-1001_Classes\\Local Settings\\MuiCache\\6\\52C64B7E\\C:\\Windows\\system32\\,@tzres.dll,-121'}",18037298
"registry:4980:1786724066620768400:/registry/user/s-1-5-21-319363115-539993444-1518226044-1001_classes/local settings/muicache/6/52c64b7e/c:/windows/system32/,@tzres.dll,-122","{'file': '\\REGISTRY\\USER\\S-1-5-21-319363115-539993444-1518226044-1001_Classes\\Local Settings\\MuiCache\\6\\52C64B7E\\C:\\Windows\\system32\\,@tzres.dll,-122'}",18037297
"registry:4980:1786724066620768400:/registry/user/s-1-5-21-319363115-539993444-1518226044-1001_classes/local settings/muicache/6/52c64b7e/c:/windows/system32/,@tzres.dll,-131","{'file': '\\REGISTRY\\USER\\S-1-5-21-319363115-539993444-1518226044-1001_Classes\\Local Settings\\MuiCache\\6\\52C64B7E\\C:\\Windows\\system32\\,@tzres.dll,-131'}",18037370
"registry:4980:1786724066620768400:/registry/user/s-1-5-21-319363115-539993444-1518226044-1001_classes/local settings/muicache/6/52c64b7e/c:/windows/system32/,@tzres.dll,-132","{'file': '\\REGISTRY\\USER\\S-1-5-21-319363115-539993444-1518226044-1001_Classes\\Local Settings\\MuiCache\\6\\52C64B7E\\C:\\Windows\\system32\\,@tzres.dll,-132'}",18037369
"registry:4980:1786724066620768400:/registry/user/s-1-5-21-319363115-539993444-1518226044-1001_classes/local settings/muicache/6/52c64b7e/c:/windows/system32/,@tzres.dll,-141","{'file': '\\REGISTRY\\USER\\S-1-5-21-319363115-539993444-1518226044-1001_Classes\\Local Settings\\MuiCache\\6\\52C64B7E\\C:\\Windows\\system32\\,@tzres.dll,-141'}",18037066
"registry:4980:1786724066620768400:/registry/user/s-1-5-21-319363115-539993444-1518226044-1001_classes/local settings/muicache/6/52c64b7e/c:/windows/system32/,@tzres.dll,-1411","{'file': '\\REGISTRY\\USER\\S-1-5-21-319363115-539993444-1518226044-1001_Classes\\Local Settings\\MuiCache\\6\\52C64B7E\\C:\\Windows\\system32\\,@tzres.dll,-1411'}",18037337
"registry:4980:1786724066620768400:/registry/user/s-1-5-21-319363115-539993444-1518226044-1001_classes/local settings/muicache/6/52c64b7e/c:/windows/system32/,@tzres.dll,-1412","{'file': '\\REGISTRY\\USER\\S-1-5-21-319363115-539993444-1518226044-1001_Classes\\Local Settings\\MuiCache\\6\\52C64B7E\\C:\\Windows\\system32\\,@tzres.dll,-1412'}",18037336
"registry:4980:1786724066620768400:/registry/user/s-1-5-21-319363115-539993444-1518226044-1001_classes/local settings/muicache/6/52c64b7e/c:/windows/system32/,@tzres.dll,-142","{'file': '\\REGISTRY\\USER\\S-1-5-21-319363115-539993444-1518226044-1001_Classes\\Local Settings\\MuiCache\\6\\52C64B7E\\C:\\Windows\\system32\\,@tzres.dll,-142'}",18037065
"registry:4980:1786724066620768400:/registry/user/s-1-5-21-319363115-539993444-1518226044-1001_classes/local settings/muicache/6/52c64b7e/c:/windows/system32/,@tzres.dll,-1471","{'file': '\\REGISTRY\\USER\\S-1-5-21-319363115-539993444-1518226044-1001_Classes\\Local Settings\\MuiCache\\6\\52C64B7E\\C:\\Windows\\system32\\,@tzres.dll,-1471'}",18037199
"registry:4980:1786724066620768400:/registry/user/s-1-5-21-319363115-539993444-1518226044-1001_classes/local settings/muicache/6/52c64b7e/c:/windows/system32/,@tzres.dll,-1472","{'file': '\\REGISTRY\\USER\\S-1-5-21-319363115-539993444-1518226044-1001_Classes\\Local Settings\\MuiCache\\6\\52C64B7E\\C:\\Windows\\system32\\,@tzres.dll,-1472'}",18037198
"registry:4980:1786724066620768400:/registry/user/s-1-5-21-319363115-539993444-1518226044-1001_classes/local settings/muicache/6/52c64b7e/c:/windows/system32/,@tzres.dll,-1501","{'file': '\\REGISTRY\\USER\\S-1-5-21-319363115-539993444-1518226044-1001_Classes\\Local Settings\\MuiCache\\6\\52C64B7E\\C:\\Windows\\system32\\,@tzres.dll,-1501'}",18037361
"registry:4980:1786724066620768400:/registry/user/s-1-5-21-319363115-539993444-1518226044-1001_classes/local settings/muicache/6/52c64b7e/c:/windows/system32/,@tzres.dll,-1502","{'file': '\\REGISTRY\\USER\\S-1-5-21-319363115-539993444-1518226044-1001_Classes\\Local Settings\\MuiCache\\6\\52C64B7E\\C:\\Windows\\system32\\,@tzres.dll,-1502'}",18037360
"registry:4980:1786724066620768400:/registry/user/s-1-5-21-319363115-539993444-1518226044-1001_classes/local settings/muicache/6/52c64b7e/c:/windows/system32/,@tzres.dll,-151","{'file': '\\REGISTRY\\USER\\S-1-5-21-319363115-539993444-1518226044-1001_Classes\\Local Settings\\MuiCache\\6\\52C64B7E\\C:\\Windows\\system32\\,@tzres.dll,-151'}",18037079
"registry:4980:1786724066620768400:/registry/user/s-1-5-21-319363115-539993444-1518226044-1001_classes/local settings/muicache/6/52c64b7e/c:/windows/system32/,@tzres.dll,-152","{'file': '\\REGISTRY\\USER\\S-1-5-21-319363115-539993444-1518226044-1001_Classes\\Local Settings\\MuiCache\\6\\52C64B7E\\C:\\Windows\\system32\\,@tzres.dll,-152'}",18037078
"registry:4980:1786724066620768400:/registry/user/s-1-5-21-319363115-539993444-1518226044-1001_classes/local settings/muicache/6/52c64b7e/c:/windows/system32/,@tzres.dll,-161","{'file': '\\REGISTRY\\USER\\S-1-5-21-319363115-539993444-1518226044-1001_Classes\\Local Settings\\MuiCache\\6\\52C64B7E\\C:\\Windows\\system32\\,@tzres.dll,-161'}",18037097
"registry:4980:1786724066620768400:/registry/user/s-1-5-21-319363115-539993444-1518226044-1001_classes/local settings/muicache/6/52c64b7e/c:/windows/system32/,@tzres.dll,-162","{'file': '\\REGISTRY\\USER\\S-1-5-21-319363115-539993444-1518226044-1001_Classes\\Local Settings\\MuiCache\\6\\52C64B7E\\C:\\Windows\\system32\\,@tzres.dll,-162'}",18037096
"registry:4980:1786724066620768400:/registry/user/s-1-5-21-319363115-539993444-1518226044-1001_classes/local settings/muicache/6/52c64b7e/c:/windows/system32/,@tzres.dll,-1661","{'file': '\\REGISTRY\\USER\\S-1-5-21-319363115-539993444-1518226044-1001_Classes\\Local Settings\\MuiCache\\6\\52C64B7E\\C:\\Windows\\system32\\,@tzres.dll,-1661'}",18037054
"registry:4980:1786724066620768400:/registry/user/s-1-5-21-319363115-539993444-1518226044-1001_classes/local settings/muicache/6/52c64b7e/c:/windows/system32/,@tzres.dll,-1662","{'file': '\\REGISTRY\\USER\\S-1-5-21-319363115-539993444-1518226044-1001_Classes\\Local Settings\\MuiCache\\6\\52C64B7E\\C:\\Windows\\system32\\,@tzres.dll,-1662'}",18037053
"registry:4980:1786724066620768400:/registry/user/s-1-5-21-319363115-539993444-1518226044-1001_classes/local settings/muicache/6/52c64b7e/c:/windows/system32/,@tzres.dll,-171","{'file': '\\REGISTRY\\USER\\S-1-5-21-319363115-539993444-1518226044-1001_Classes\\Local Settings\\MuiCache\\6\\52C64B7E\\C:\\Windows\\system32\\,@tzres.dll,-171'}",18037100
"registry:4980:1786724066620768400:/registry/user/s-1-5-21-319363115-539993444-1518226044-1001_classes/local settings/muicache/6/52c64b7e/c:/windows/system32/,@tzres.dll,-172","{'file': '\\REGISTRY\\USER\\S-1-5-21-319363115-539993444-1518226044-1001_Classes\\Local Settings\\MuiCache\\6\\52C64B7E\\C:\\Windows\\system32\\,@tzres.dll,-172'}",18037099
"registry:4980:1786724066620768400:/registry/user/s-1-5-21-319363115-539993444-1518226044-1001_classes/local settings/muicache/6/52c64b7e/c:/windows/system32/,@tzres.dll,-1721","{'file': '\\REGISTRY\\USER\\S-1-5-21-319363115-539993444-1518226044-1001_Classes\\Local Settings\\MuiCache\\6\\52C64B7E\\C:\\Windows\\system32\\,@tzres.dll,-1721'}",18037190
"registry:4980:1786724066620768400:/registry/user/s-1-5-21-319363115-539993444-1518226044-1001_classes/local settings/muicache/6/52c64b7e/c:/windows/system32/,@tzres.dll,-1722","{'file': '\\REGISTRY\\USER\\S-1-5-21-319363115-539993444-1518226044-1001_Classes\\Local Settings\\MuiCache\\6\\52C64B7E\\C:\\Windows\\system32\\,@tzres.dll,-1722'}",18037189
"registry:4980:1786724066620768400:/registry/user/s-1-5-21-319363115-539993444-1518226044-1001_classes/local settings/muicache/6/52c64b7e/c:/windows/system32/,@tzres.dll,-1801","{'file': '\\REGISTRY\\USER\\S-1-5-21-319363115-539993444-1518226044-1001_Classes\\Local Settings\\MuiCache\\6\\52C64B7E\\C:\\Windows\\system32\\,@tzres.dll,-1801'}",18037193
"registry:4980:1786724066620768400:/registry/user/s-1-5-21-319363115-539993444-1518226044-1001_classes/local settings/muicache/6/52c64b7e/c:/windows/system32/,@tzres.dll,-1802","{'file': '\\REGISTRY\\USER\\S-1-5-21-319363115-539993444-1518226044-1001_Classes\\Local Settings\\MuiCache\\6\\52C64B7E\\C:\\Windows\\system32\\,@tzres.dll,-1802'}",18037192
"registry:4980:1786724066620768400:/registry/user/s-1-5-21-319363115-539993444-1518226044-1001_classes/local settings/muicache/6/52c64b7e/c:/windows/system32/,@tzres.dll,-181","{'file': '\\REGISTRY\\USER\\S-1-5-21-319363115-539993444-1518226044-1001_Classes\\Local Settings\\MuiCache\\6\\52C64B7E\\C:\\Windows\\system32\\,@tzres.dll,-181'}",18037226
"registry:4980:1786724066620768400:/registry/user/s-1-5-21-319363115-539993444-1518226044-1001_classes/local settings/muicache/6/52c64b7e/c:/windows/system32/,@tzres.dll,-182","{'file': '\\REGISTRY\\USER\\S-1-5-21-319363115-539993444-1518226044-1001_Classes\\Local Settings\\MuiCache\\6\\52C64B7E\\C:\\Windows\\system32\\,@tzres.dll,-182'}",18037225
"registry:4980:1786724066620768400:/registry/user/s-1-5-21-319363115-539993444-1518226044-1001_classes/local settings/muicache/6/52c64b7e/c:/windows/system32/,@tzres.dll,-1821","{'file': '\\REGISTRY\\USER\\S-1-5-21-319363115-539993444-1518226044-1001_Classes\\Local Settings\\MuiCache\\6\\52C64B7E\\C:\\Windows\\system32\\,@tzres.dll,-1821'}",18037181
"registry:4980:1786724066620768400:/registry/user/s-1-5-21-319363115-539993444-1518226044-1001_classes/local settings/muicache/6/52c64b7e/c:/windows/system32/,@tzres.dll,-1822","{'file': '\\REGISTRY\\USER\\S-1-5-21-319363115-539993444-1518226044-1001_Classes\\Local Settings\\MuiCache\\6\\52C64B7E\\C:\\Windows\\system32\\,@tzres.dll,-1822'}",18037180
"registry:4980:1786724066620768400:/registry/user/s-1-5-21-319363115-539993444-1518226044-1001_classes/local settings/muicache/6/52c64b7e/c:/windows/system32/,@tzres.dll,-1831","{'file': '\\REGISTRY\\USER\\S-1-5-21-319363115-539993444-1518226044-1001_Classes\\Local Settings\\MuiCache\\6\\52C64B7E\\C:\\Windows\\system32\\,@tzres.dll,-1831'}",18037292
"registry:4980:1786724066620768400:/registry/user/s-1-5-21-319363115-539993444-1518226044-1001_classes/local settings/muicache/6/52c64b7e/c:/windows/system32/,@tzres.dll,-1832","{'file': '\\REGISTRY\\USER\\S-1-5-21-319363115-539993444-1518226044-1001_Classes\\Local Settings\\MuiCache\\6\\52C64B7E\\C:\\Windows\\system32\\,@tzres.dll,-1832'}",18037291
"registry:4980:1786724066620768400:/registry/user/s-1-5-21-319363115-539993444-1518226044-1001_classes/local settings/muicache/6/52c64b7e/c:/windows/system32/,@tzres.dll,-1841","{'file': '\\REGISTRY\\USER\\S-1-5-21-319363115-539993444-1518226044-1001_Classes\\Local Settings\\MuiCache\\6\\52C64B7E\\C:\\Windows\\system32\\,@tzres.dll,-1841'}",18037139
"registry:4980:1786724066620768400:/registry/user/s-1-5-21-319363115-539993444-1518226044-1001_classes/local settings/muicache/6/52c64b7e/c:/windows/system32/,@tzres.dll,-1842","{'file': '\\REGISTRY\\USER\\S-1-5-21-319363115-539993444-1518226044-1001_Classes\\Local Settings\\MuiCache\\6\\52C64B7E\\C:\\Windows\\system32\\,@tzres.dll,-1842'}",18037138
"registry:4980:1786724066620768400:/registry/user/s-1-5-21-319363115-539993444-1518226044-1001_classes/local settings/muicache/6/52c64b7e/c:/windows/system32/,@tzres.dll,-1861","{'file': '\\REGISTRY\\USER\\S-1-5-21-319363115-539993444-1518226044-1001_Classes\\Local Settings\\MuiCache\\6\\52C64B7E\\C:\\Windows\\system32\\,@tzres.dll,-1861'}",18037253
"registry:4980:1786724066620768400:/registry/user/s-1-5-21-319363115-539993444-1518226044-1001_classes/local settings/muicache/6/52c64b7e/c:/windows/system32/,@tzres.dll,-1862","{'file': '\\REGISTRY\\USER\\S-1-5-21-319363115-539993444-1518226044-1001_Classes\\Local Settings\\MuiCache\\6\\52C64B7E\\C:\\Windows\\system32\\,@tzres.dll,-1862'}",18037252
"registry:4980:1786724066620768400:/registry/user/s-1-5-21-319363115-539993444-1518226044-1001_classes/local settings/muicache/6/52c64b7e/c:/windows/system32/,@tzres.dll,-1871","{'file': '\\REGISTRY\\USER\\S-1-5-21-319363115-539993444-1518226044-1001_Classes\\Local Settings\\MuiCache\\6\\52C64B7E\\C:\\Windows\\system32\\,@tzres.dll,-1871'}",18037250
"registry:4980:1786724066620768400:/registry/user/s-1-5-21-319363115-539993444-1518226044-1001_classes/local settings/muicache/6/52c64b7e/c:/windows/system32/,@tzres.dll,-1872","{'file': '\\REGISTRY\\USER\\S-1-5-21-319363115-539993444-1518226044-1001_Classes\\Local Settings\\MuiCache\\6\\52C64B7E\\C:\\Windows\\system32\\,@tzres.dll,-1872'}",18037249
"registry:4980:1786724066620768400:/registry/user/s-1-5-21-319363115-539993444-1518226044-1001_classes/local settings/muicache/6/52c64b7e/c:/windows/system32/,@tzres.dll,-1891","{'file': '\\REGISTRY\\USER\\S-1-5-21-319363115-539993444-1518226044-1001_Classes\\Local Settings\\MuiCache\\6\\52C64B7E\\C:\\Windows\\system32\\,@tzres.dll,-1891'}",18037289
"registry:4980:1786724066620768400:/registry/user/s-1-5-21-319363115-539993444-1518226044-1001_classes/local settings/muicache/6/52c64b7e/c:/windows/system32/,@tzres.dll,-1892","{'file': '\\REGISTRY\\USER\\S-1-5-21-319363115-539993444-1518226044-1001_Classes\\Local Settings\\MuiCache\\6\\52C64B7E\\C:\\Windows\\system32\\,@tzres.dll,-1892'}",18037288
"registry:4980:1786724066620768400:/registry/user/s-1-5-21-319363115-539993444-1518226044-1001_classes/local settings/muicache/6/52c64b7e/c:/windows/system32/,@tzres.dll,-191","{'file': '\\REGISTRY\\USER\\S-1-5-21-319363115-539993444-1518226044-1001_Classes\\Local Settings\\MuiCache\\6\\52C64B7E\\C:\\Windows\\system32\\,@tzres.dll,-191'}",18037223
"registry:4980:1786724066620768400:/registry/user/s-1-5-21-319363115-539993444-1518226044-1001_classes/local settings/muicache/6/52c64b7e/c:/windows/system32/,@tzres.dll,-1911","{'file': '\\REGISTRY\\USER\\S-1-5-21-319363115-539993444-1518226044-1001_Classes\\Local Settings\\MuiCache\\6\\52C64B7E\\C:\\Windows\\system32\\,@tzres.dll,-1911'}",18037283
"registry:4980:1786724066620768400:/registry/user/s-1-5-21-319363115-539993444-1518226044-1001_classes/local settings/muicache/6/52c64b7e/c:/windows/system32/,@tzres.dll,-1912","{'file': '\\REGISTRY\\USER\\S-1-5-21-319363115-539993444-1518226044-1001_Classes\\Local Settings\\MuiCache\\6\\52C64B7E\\C:\\Windows\\system32\\,@tzres.dll,-1912'}",18037282
"registry:4980:1786724066620768400:/registry/user/s-1-5-21-319363115-539993444-1518226044-1001_classes/local settings/muicache/6/52c64b7e/c:/windows/system32/,@tzres.dll,-192","{'file': '\\REGISTRY\\USER\\S-1-5-21-319363115-539993444-1518226044-1001_Classes\\Local Settings\\MuiCache\\6\\52C64B7E\\C:\\Windows\\system32\\,@tzres.dll,-192'}",18037222
"registry:4980:1786724066620768400:/registry/user/s-1-5-21-319363115-539993444-1518226044-1001_classes/local settings/muicache/6/52c64b7e/c:/windows/system32/,@tzres.dll,-1931","{'file': '\\REGISTRY\\USER\\S-1-5-21-319363115-539993444-1518226044-1001_Classes\\Local Settings\\MuiCache\\6\\52C64B7E\\C:\\Windows\\system32\\,@tzres.dll,-1931'}",18037286
"registry:4980:1786724066620768400:/registry/user/s-1-5-21-319363115-539993444-1518226044-1001_classes/local settings/muicache/6/52c64b7e/c:/windows/system32/,@tzres.dll,-1932","{'file': '\\REGISTRY\\USER\\S-1-5-21-319363115-539993444-1518226044-1001_Classes\\Local Settings\\MuiCache\\6\\52C64B7E\\C:\\Windows\\system32\\,@tzres.dll,-1932'}",18037285
"registry:4980:1786724066620768400:/registry/user/s-1-5-21-319363115-539993444-1518226044-1001_classes/local settings/muicache/6/52c64b7e/c:/windows/system32/,@tzres.dll,-1971","{'file': '\\REGISTRY\\USER\\S-1-5-21-319363115-539993444-1518226044-1001_Classes\\Local Settings\\MuiCache\\6\\52C64B7E\\C:\\Windows\\system32\\,@tzres.dll,-1971'}",18037060
"registry:4980:1786724066620768400:/registry/user/s-1-5-21-319363115-539993444-1518226044-1001_classes/local settings/muicache/6/52c64b7e/c:/windows/system32/,@tzres.dll,-1972","{'file': '\\REGISTRY\\USER\\S-1-5-21-319363115-539993444-1518226044-1001_Classes\\Local Settings\\MuiCache\\6\\52C64B7E\\C:\\Windows\\system32\\,@tzres.dll,-1972'}",18037059
"registry:4980:1786724066620768400:/registry/user/s-1-5-21-319363115-539993444-1518226044-1001_classes/local settings/muicache/6/52c64b7e/c:/windows/system32/,@tzres.dll,-2001","{'file': '\\REGISTRY\\USER\\S-1-5-21-319363115-539993444-1518226044-1001_Classes\\Local Settings\\MuiCache\\6\\52C64B7E\\C:\\Windows\\system32\\,@tzres.dll,-2001'}",18037069
"registry:4980:1786724066620768400:/registry/user/s-1-5-21-319363115-539993444-1518226044-1001_classes/local settings/muicache/6/52c64b7e/c:/windows/system32/,@tzres.dll,-2002","{'file': '\\REGISTRY\\USER\\S-1-5-21-319363115-539993444-1518226044-1001_Classes\\Local Settings\\MuiCache\\6\\52C64B7E\\C:\\Windows\\system32\\,@tzres.dll,-2002'}",18037068
"registry:4980:1786724066620768400:/registry/user/s-1-5-21-319363115-539993444-1518226044-1001_classes/local settings/muicache/6/52c64b7e/c:/windows/system32/,@tzres.dll,-201","{'file': '\\REGISTRY\\USER\\S-1-5-21-319363115-539993444-1518226044-1001_Classes\\Local Settings\\MuiCache\\6\\52C64B7E\\C:\\Windows\\system32\\,@tzres.dll,-201'}",18037373
"registry:4980:1786724066620768400:/registry/user/s-1-5-21-319363115-539993444-1518226044-1001_classes/local settings/muicache/6/52c64b7e/c:/windows/system32/,@tzres.dll,-202","{'file': '\\REGISTRY\\USER\\S-1-5-21-319363115-539993444-1518226044-1001_Classes\\Local Settings\\MuiCache\\6\\52C64B7E\\C:\\Windows\\system32\\,@tzres.dll,-202'}",18037372
"registry:4980:1786724066620768400:/registry/user/s-1-5-21-319363115-539993444-1518226044-1001_classes/local settings/muicache/6/52c64b7e/c:/windows/system32/,@tzres.dll,-2041","{'file': '\\REGISTRY\\USER\\S-1-5-21-319363115-539993444-1518226044-1001_Classes\\Local Settings\\MuiCache\\6\\52C64B7E\\C:\\Windows\\system32\\,@tzres.dll,-2041'}",18037133
"registry:4980:1786724066620768400:/registry/user/s-1-5-21-319363115-539993444-1518226044-1001_classes/local settings/muicache/6/52c64b7e/c:/windows/system32/,@tzres.dll,-2042","{'file': '\\REGISTRY\\USER\\S-1-5-21-319363115-539993444-1518226044-1001_Classes\\Local Settings\\MuiCache\\6\\52C64B7E\\C:\\Windows\\system32\\,@tzres.dll,-2042'}",18037132
"registry:4980:1786724066620768400:/registry/user/s-1-5-21-319363115-539993444-1518226044-1001_classes/local settings/muicache/6/52c64b7e/c:/windows/system32/,@tzres.dll,-2061","{'file': '\\REGISTRY\\USER\\S-1-5-21-319363115-539993444-1518226044-1001_Classes\\Local Settings\\MuiCache\\6\\52C64B7E\\C:\\Windows\\system32\\,@tzres.dll,-2061'}",18037256
"registry:4980:1786724066620768400:/registry/user/s-1-5-21-319363115-539993444-1518226044-1001_classes/local settings/muicache/6/52c64b7e/c:/windows/system32/,@tzres.dll,-2062","{'file': '\\REGISTRY\\USER\\S-1-5-21-319363115-539993444-1518226044-1001_Classes\\Local Settings\\MuiCache\\6\\52C64B7E\\C:\\Windows\\system32\\,@tzres.dll,-2062'}",18037255
"registry:4980:1786724066620768400:/registry/user/s-1-5-21-319363115-539993444-1518226044-1001_classes/local settings/muicache/6/52c64b7e/c:/windows/system32/,@tzres.dll,-211","{'file': '\\REGISTRY\\USER\\S-1-5-21-319363115-539993444-1518226044-1001_Classes\\Local Settings\\MuiCache\\6\\52C64B7E\\C:\\Windows\\system32\\,@tzres.dll,-211'}",18037265
"registry:4980:1786724066620768400:/registry/user/s-1-5-21-319363115-539993444-1518226044-1001_classes/local settings/muicache/6/52c64b7e/c:/windows/system32/,@tzres.dll,-212","{'file': '\\REGISTRY\\USER\\S-1-5-21-319363115-539993444-1518226044-1001_Classes\\Local Settings\\MuiCache\\6\\52C64B7E\\C:\\Windows\\system32\\,@tzres.dll,-212'}",18037264
"registry:4980:1786724066620768400:/registry/user/s-1-5-21-319363115-539993444-1518226044-1001_classes/local settings/muicache/6/52c64b7e/c:/windows/system32/,@tzres.dll,-214","{'file': '\\REGISTRY\\USER\\S-1-5-21-319363115-539993444-1518226044-1001_Classes\\Local Settings\\MuiCache\\6\\52C64B7E\\C:\\Windows\\system32\\,@tzres.dll,-214'}",18037268
"registry:4980:1786724066620768400:/registry/user/s-1-5-21-319363115-539993444-1518226044-1001_classes/local settings/muicache/6/52c64b7e/c:/windows/system32/,@tzres.dll,-2141","{'file': '\\REGISTRY\\USER\\S-1-5-21-319363115-539993444-1518226044-1001_Classes\\Local Settings\\MuiCache\\6\\52C64B7E\\C:\\Windows\\system32\\,@tzres.dll,-2141'}",18037358
"registry:4980:1786724066620768400:/registry/user/s-1-5-21-319363115-539993444-1518226044-1001_classes/local settings/muicache/6/52c64b7e/c:/windows/system32/,@tzres.dll,-2142","{'file': '\\REGISTRY\\USER\\S-1-5-21-319363115-539993444-1518226044-1001_Classes\\Local Settings\\MuiCache\\6\\52C64B7E\\C:\\Windows\\system32\\,@tzres.dll,-2142'}",18037357
"registry:4980:1786724066620768400:/registry/user/s-1-5-21-319363115-539993444-1518226044-1001_classes/local settings/muicache/6/52c64b7e/c:/windows/system32/,@tzres.dll,-215","{'file': '\\REGISTRY\\USER\\S-1-5-21-319363115-539993444-1518226044-1001_Classes\\Local Settings\\MuiCache\\6\\52C64B7E\\C:\\Windows\\system32\\,@tzres.dll,-215'}",18037267
"registry:4980:1786724066620768400:/registry/user/s-1-5-21-319363115-539993444-1518226044-1001_classes/local settings/muicache/6/52c64b7e/c:/windows/system32/,@tzres.dll,-2161","{'file': '\\REGISTRY\\USER\\S-1-5-21-319363115-539993444-1518226044-1001_Classes\\Local Settings\\MuiCache\\6\\52C64B7E\\C:\\Windows\\system32\\,@tzres.dll,-2161'}",18037018
"registry:4980:1786724066620768400:/registry/user/s-1-5-21-319363115-539993444-1518226044-1001_classes/local settings/muicache/6/52c64b7e/c:/windows/system32/,@tzres.dll,-2162","{'file': '\\REGISTRY\\USER\\S-1-5-21-319363115-539993444-1518226044-1001_Classes\\Local Settings\\MuiCache\\6\\52C64B7E\\C:\\Windows\\system32\\,@tzres.dll,-2162'}",18037017
"registry:4980:1786724066620768400:/registry/user/s-1-5-21-319363115-539993444-1518226044-1001_classes/local settings/muicache/6/52c64b7e/c:/windows/system32/,@tzres.dll,-2181","{'file': '\\REGISTRY\\USER\\S-1-5-21-319363115-539993444-1518226044-1001_Classes\\Local Settings\\MuiCache\\6\\52C64B7E\\C:\\Windows\\system32\\,@tzres.dll,-2181'}",18037033
"registry:4980:1786724066620768400:/registry/user/s-1-5-21-319363115-539993444-1518226044-1001_classes/local settings/muicache/6/52c64b7e/c:/windows/system32/,@tzres.dll,-2182","{'file': '\\REGISTRY\\USER\\S-1-5-21-319363115-539993444-1518226044-1001_Classes\\Local Settings\\MuiCache\\6\\52C64B7E\\C:\\Windows\\system32\\,@tzres.dll,-2182'}",18037032
"registry:4980:1786724066620768400:/registry/user/s-1-5-21-319363115-539993444-1518226044-1001_classes/local settings/muicache/6/52c64b7e/c:/windows/system32/,@tzres.dll,-221","{'file': '\\REGISTRY\\USER\\S-1-5-21-319363115-539993444-1518226044-1001_Classes\\Local Settings\\MuiCache\\6\\52C64B7E\\C:\\Windows\\system32\\,@tzres.dll,-221'}",18037012
"registry:4980:1786724066620768400:/registry/user/s-1-5-21-319363115-539993444-1518226044-1001_classes/local settings/muicache/6/52c64b7e/c:/windows/system32/,@tzres.dll,-222","{'file': '\\REGISTRY\\USER\\S-1-5-21-319363115-539993444-1518226044-1001_Classes\\Local Settings\\MuiCache\\6\\52C64B7E\\C:\\Windows\\system32\\,@tzres.dll,-222'}",18037011
"registry:4980:1786724066620768400:/registry/user/s-1-5-21-319363115-539993444-1518226044-1001_classes/local settings/muicache/6/52c64b7e/c:/windows/system32/,@tzres.dll,-231","{'file': '\\REGISTRY\\USER\\S-1-5-21-319363115-539993444-1518226044-1001_Classes\\Local Settings\\MuiCache\\6\\52C64B7E\\C:\\Windows\\system32\\,@tzres.dll,-231'}",18037166
"registry:4980:1786724066620768400:/registry/user/s-1-5-21-319363115-539993444-1518226044-1001_classes/local settings/muicache/6/52c64b7e/c:/windows/system32/,@tzres.dll,-232","{'file': '\\REGISTRY\\USER\\S-1-5-21-319363115-539993444-1518226044-1001_Classes\\Local Settings\\MuiCache\\6\\52C64B7E\\C:\\Windows\\system32\\,@tzres.dll,-232'}",18037165
"registry:4980:1786724066620768400:/registry/user/s-1-5-21-319363115-539993444-1518226044-1001_classes/local settings/muicache/6/52c64b7e/c:/windows/system32/,@tzres.dll,-2321","{'file': '\\REGISTRY\\USER\\S-1-5-21-319363115-539993444-1518226044-1001_Classes\\Local Settings\\MuiCache\\6\\52C64B7E\\C:\\Windows\\system32\\,@tzres.dll,-2321'}",18037307
"registry:4980:1786724066620768400:/registry/user/s-1-5-21-319363115-539993444-1518226044-1001_classes/local settings/muicache/6/52c64b7e/c:/windows/system32/,@tzres.dll,-2322","{'file': '\\REGISTRY\\USER\\S-1-5-21-319363115-539993444-1518226044-1001_Classes\\Local Settings\\MuiCache\\6\\52C64B7E\\C:\\Windows\\system32\\,@tzres.dll,-2322'}",18037306
"registry:4980:1786724066620768400:/registry/user/s-1-5-21-319363115-539993444-1518226044-1001_classes/local settings/muicache/6/52c64b7e/c:/windows/system32/,@tzres.dll,-2341","{'file': '\\REGISTRY\\USER\\S-1-5-21-319363115-539993444-1518226044-1001_Classes\\Local Settings\\MuiCache\\6\\52C64B7E\\C:\\Windows\\system32\\,@tzres.dll,-2341'}",18037163
"registry:4980:1786724066620768400:/registry/user/s-1-5-21-319363115-539993444-1518226044-1001_classes/local settings/muicache/6/52c64b7e/c:/windows/system32/,@tzres.dll,-2342","{'file': '\\REGISTRY\\USER\\S-1-5-21-319363115-539993444-1518226044-1001_Classes\\Local Settings\\MuiCache\\6\\52C64B7E\\C:\\Windows\\system32\\,@tzres.dll,-2342'}",18037162
"registry:4980:1786724066620768400:/registry/user/s-1-5-21-319363115-539993444-1518226044-1001_classes/local settings/muicache/6/52c64b7e/c:/windows/system32/,@tzres.dll,-2371","{'file': '\\REGISTRY\\USER\\S-1-5-21-319363115-539993444-1518226044-1001_Classes\\Local Settings\\MuiCache\\6\\52C64B7E\\C:\\Windows\\system32\\,@tzres.dll,-2371'}",18037127
"registry:4980:1786724066620768400:/registry/user/s-1-5-21-319363115-539993444-1518226044-1001_classes/local settings/muicache/6/52c64b7e/c:/windows/system32/,@tzres.dll,-2372","{'file': '\\REGISTRY\\USER\\S-1-5-21-319363115-539993444-1518226044-1001_Classes\\Local Settings\\MuiCache\\6\\52C64B7E\\C:\\Windows\\system32\\,@tzres.dll,-2372'}",18037126
"registry:4980:1786724066620768400:/registry/user/s-1-5-21-319363115-539993444-1518226044-1001_classes/local settings/muicache/6/52c64b7e/c:/windows/system32/,@tzres.dll,-2391","{'file': '\\REGISTRY\\USER\\S-1-5-21-319363115-539993444-1518226044-1001_Classes\\Local Settings\\MuiCache\\6\\52C64B7E\\C:\\Windows\\system32\\,@tzres.dll,-2391'}",18037015
"registry:4980:1786724066620768400:/registry/user/s-1-5-21-319363115-539993444-1518226044-1001_classes/local settings/muicache/6/52c64b7e/c:/windows/system32/,@tzres.dll,-2392","{'file': '\\REGISTRY\\USER\\S-1-5-21-319363115-539993444-1518226044-1001_Classes\\Local Settings\\MuiCache\\6\\52C64B7E\\C:\\Windows\\system32\\,@tzres.dll,-2392'}",18037014
"registry:4980:1786724066620768400:/registry/user/s-1-5-21-319363115-539993444-1518226044-1001_classes/local settings/muicache/6/52c64b7e/c:/windows/system32/,@tzres.dll,-241","{'file': '\\REGISTRY\\USER\\S-1-5-21-319363115-539993444-1518226044-1001_Classes\\Local Settings\\MuiCache\\6\\52C64B7E\\C:\\Windows\\system32\\,@tzres.dll,-241'}",18037310
"registry:4980:1786724066620768400:/registry/user/s-1-5-21-319363115-539993444-1518226044-1001_classes/local settings/muicache/6/52c64b7e/c:/windows/system32/,@tzres.dll,-2411","{'file': '\\REGISTRY\\USER\\S-1-5-21-319363115-539993444-1518226044-1001_Classes\\Local Settings\\MuiCache\\6\\52C64B7E\\C:\\Windows\\system32\\,@tzres.dll,-2411'}",18037205
"registry:4980:1786724066620768400:/registry/user/s-1-5-21-319363115-539993444-1518226044-1001_classes/local settings/muicache/6/52c64b7e/c:/windows/system32/,@tzres.dll,-2412","{'file': '\\REGISTRY\\USER\\S-1-5-21-319363115-539993444-1518226044-1001_Classes\\Local Settings\\MuiCache\\6\\52C64B7E\\C:\\Windows\\system32\\,@tzres.dll,-2412'}",18037204
"registry:4980:1786724066620768400:/registry/user/s-1-5-21-319363115-539993444-1518226044-1001_classes/local settings/muicache/6/52c64b7e/c:/windows/system32/,@tzres.dll,-242","{'file': '\\REGISTRY\\USER\\S-1-5-21-319363115-539993444-1518226044-1001_Classes\\Local Settings\\MuiCache\\6\\52C64B7E\\C:\\Windows\\system32\\,@tzres.dll,-242'}",18037309
"registry:4980:1786724066620768400:/registry/user/s-1-5-21-319363115-539993444-1518226044-1001_classes/local settings/muicache/6/52c64b7e/c:/windows/system32/,@tzres.dll,-2431","{'file': '\\REGISTRY\\USER\\S-1-5-21-319363115-539993444-1518226044-1001_Classes\\Local Settings\\MuiCache\\6\\52C64B7E\\C:\\Windows\\system32\\,@tzres.dll,-2431'}",18037109
"registry:4980:1786724066620768400:/registry/user/s-1-5-21-319363115-539993444-1518226044-1001_classes/local settings/muicache/6/52c64b7e/c:/windows/system32/,@tzres.dll,-2432","{'file': '\\REGISTRY\\USER\\S-1-5-21-319363115-539993444-1518226044-1001_Classes\\Local Settings\\MuiCache\\6\\52C64B7E\\C:\\Windows\\system32\\,@tzres.dll,-2432'}",18037108
"registry:4980:1786724066620768400:/registry/user/s-1-5-21-319363115-539993444-1518226044-1001_classes/local settings/muicache/6/52c64b7e/c:/windows/system32/,@tzres.dll,-2451","{'file': '\\REGISTRY\\USER\\S-1-5-21-319363115-539993444-1518226044-1001_Classes\\Local Settings\\MuiCache\\6\\52C64B7E\\C:\\Windows\\system32\\,@tzres.dll,-2451'}",18037304
"registry:4980:1786724066620768400:/registry/user/s-1-5-21-319363115-539993444-1518226044-1001_classes/local settings/muicache/6/52c64b7e/c:/windows/system32/,@tzres.dll,-2452","{'file': '\\REGISTRY\\USER\\S-1-5-21-319363115-539993444-1518226044-1001_Classes\\Local Settings\\MuiCache\\6\\52C64B7E\\C:\\Windows\\system32\\,@tzres.dll,-2452'}",18037303
"registry:4980:1786724066620768400:/registry/user/s-1-5-21-319363115-539993444-1518226044-1001_classes/local settings/muicache/6/52c64b7e/c:/windows/system32/,@tzres.dll,-2491","{'file': '\\REGISTRY\\USER\\S-1-5-21-319363115-539993444-1518226044-1001_Classes\\Local Settings\\MuiCache\\6\\52C64B7E\\C:\\Windows\\system32\\,@tzres.dll,-2491'}",18037042
"registry:4980:1786724066620768400:/registry/user/s-1-5-21-319363115-539993444-1518226044-1001_classes/local settings/muicache/6/52c64b7e/c:/windows/system32/,@tzres.dll,-2492","{'file': '\\REGISTRY\\USER\\S-1-5-21-319363115-539993444-1518226044-1001_Classes\\Local Settings\\MuiCache\\6\\52C64B7E\\C:\\Windows\\system32\\,@tzres.dll,-2492'}",18037041
"registry:4980:1786724066620768400:/registry/user/s-1-5-21-319363115-539993444-1518226044-1001_classes/local settings/muicache/6/52c64b7e/c:/windows/system32/,@tzres.dll,-251","{'file': '\\REGISTRY\\USER\\S-1-5-21-319363115-539993444-1518226044-1001_Classes\\Local Settings\\MuiCache\\6\\52C64B7E\\C:\\Windows\\system32\\,@tzres.dll,-251'}",18037112
"registry:4980:1786724066620768400:/registry/user/s-1-5-21-319363115-539993444-1518226044-1001_classes/local settings/muicache/6/52c64b7e/c:/windows/system32/,@tzres.dll,-2511","{'file': '\\REGISTRY\\USER\\S-1-5-21-319363115-539993444-1518226044-1001_Classes\\Local Settings\\MuiCache\\6\\52C64B7E\\C:\\Windows\\system32\\,@tzres.dll,-2511'}",18037196
"registry:4980:1786724066620768400:/registry/user/s-1-5-21-319363115-539993444-1518226044-1001_classes/local settings/muicache/6/52c64b7e/c:/windows/system32/,@tzres.dll,-2512","{'file': '\\REGISTRY\\USER\\S-1-5-21-319363115-539993444-1518226044-1001_Classes\\Local Settings\\MuiCache\\6\\52C64B7E\\C:\\Windows\\system32\\,@tzres.dll,-2512'}",18037195
"registry:4980:1786724066620768400:/registry/user/s-1-5-21-319363115-539993444-1518226044-1001_classes/local settings/muicache/6/52c64b7e/c:/windows/system32/,@tzres.dll,-252","{'file': '\\REGISTRY\\USER\\S-1-5-21-319363115-539993444-1518226044-1001_Classes\\Local Settings\\MuiCache\\6\\52C64B7E\\C:\\Windows\\system32\\,@tzres.dll,-252'}",18037111
"registry:4980:1786724066620768400:/registry/user/s-1-5-21-319363115-539993444-1518226044-1001_classes/local settings/muicache/6/52c64b7e/c:/windows/system32/,@tzres.dll,-2531","{'file': '\\REGISTRY\\USER\\S-1-5-21-319363115-539993444-1518226044-1001_Classes\\Local Settings\\MuiCache\\6\\52C64B7E\\C:\\Windows\\system32\\,@tzres.dll,-2531'}",18037103
"registry:4980:1786724066620768400:/registry/user/s-1-5-21-319363115-539993444-1518226044-1001_classes/local settings/muicache/6/52c64b7e/c:/windows/system32/,@tzres.dll,-2532","{'file': '\\REGISTRY\\USER\\S-1-5-21-319363115-539993444-1518226044-1001_Classes\\Local Settings\\MuiCache\\6\\52C64B7E\\C:\\Windows\\system32\\,@tzres.dll,-2532'}",18037102
"registry:4980:1786724066620768400:/registry/user/s-1-5-21-319363115-539993444-1518226044-1001_classes/local settings/muicache/6/52c64b7e/c:/windows/system32/,@tzres.dll,-2571","{'file': '\\REGISTRY\\USER\\S-1-5-21-319363115-539993444-1518226044-1001_Classes\\Local Settings\\MuiCache\\6\\52C64B7E\\C:\\Windows\\system32\\,@tzres.dll,-2571'}",18037364
"registry:4980:1786724066620768400:/registry/user/s-1-5-21-319363115-539993444-1518226044-1001_classes/local settings/muicache/6/52c64b7e/c:/windows/system32/,@tzres.dll,-2572","{'file': '\\REGISTRY\\USER\\S-1-5-21-319363115-539993444-1518226044-1001_Classes\\Local Settings\\MuiCache\\6\\52C64B7E\\C:\\Windows\\system32\\,@tzres.dll,-2572'}",18037363
"registry:4980:1786724066620768400:/registry/user/s-1-5-21-319363115-539993444-1518226044-1001_classes/local settings/muicache/6/52c64b7e/c:/windows/system32/,@tzres.dll,-2591","{'file': '\\REGISTRY\\USER\\S-1-5-21-319363115-539993444-1518226044-1001_Classes\\Local Settings\\MuiCache\\6\\52C64B7E\\C:\\Windows\\system32\\,@tzres.dll,-2591'}",18037346
"registry:4980:1786724066620768400:/registry/user/s-1-5-21-319363115-539993444-1518226044-1001_classes/local settings/muicache/6/52c64b7e/c:/windows/system32/,@tzres.dll,-2592","{'file': '\\REGISTRY\\USER\\S-1-5-21-319363115-539993444-1518226044-1001_Classes\\Local Settings\\MuiCache\\6\\52C64B7E\\C:\\Windows\\system32\\,@tzres.dll,-2592'}",18037345
"registry:4980:1786724066620768400:/registry/user/s-1-5-21-319363115-539993444-1518226044-1001_classes/local settings/muicache/6/52c64b7e/c:/windows/system32/,@tzres.dll,-261","{'file': '\\REGISTRY\\USER\\S-1-5-21-319363115-539993444-1518226044-1001_Classes\\Local Settings\\MuiCache\\6\\52C64B7E\\C:\\Windows\\system32\\,@tzres.dll,-261'}",18037151
"registry:4980:1786724066620768400:/registry/user/s-1-5-21-319363115-539993444-1518226044-1001_classes/local settings/muicache/6/52c64b7e/c:/windows/system32/,@tzres.dll,-2611","{'file': '\\REGISTRY\\USER\\S-1-5-21-319363115-539993444-1518226044-1001_Classes\\Local Settings\\MuiCache\\6\\52C64B7E\\C:\\Windows\\system32\\,@tzres.dll,-2611'}",18037063
"registry:4980:1786724066620768400:/registry/user/s-1-5-21-319363115-539993444-1518226044-1001_classes/local settings/muicache/6/52c64b7e/c:/windows/system32/,@tzres.dll,-2612","{'file': '\\REGISTRY\\USER\\S-1-5-21-319363115-539993444-1518226044-1001_Classes\\Local Settings\\MuiCache\\6\\52C64B7E\\C:\\Windows\\system32\\,@tzres.dll,-2612'}",18037062
"registry:4980:1786724066620768400:/registry/user/s-1-5-21-319363115-539993444-1518226044-1001_classes/local settings/muicache/6/52c64b7e/c:/windows/system32/,@tzres.dll,-262","{'file': '\\REGISTRY\\USER\\S-1-5-21-319363115-539993444-1518226044-1001_Classes\\Local Settings\\MuiCache\\6\\52C64B7E\\C:\\Windows\\system32\\,@tzres.dll,-262'}",18037150
"registry:4980:1786724066620768400:/registry/user/s-1-5-21-319363115-539993444-1518226044-1001_classes/local settings/muicache/6/52c64b7e/c:/windows/system32/,@tzres.dll,-2631","{'file': '\\REGISTRY\\USER\\S-1-5-21-319363115-539993444-1518226044-1001_Classes\\Local Settings\\MuiCache\\6\\52C64B7E\\C:\\Windows\\system32\\,@tzres.dll,-2631'}",18037247
"registry:4980:1786724066620768400:/registry/user/s-1-5-21-319363115-539993444-1518226044-1001_classes/local settings/muicache/6/52c64b7e/c:/windows/system32/,@tzres.dll,-2632","{'file': '\\REGISTRY\\USER\\S-1-5-21-319363115-539993444-1518226044-1001_Classes\\Local Settings\\MuiCache\\6\\52C64B7E\\C:\\Windows\\system32\\,@tzres.dll,-2632'}",18037246
"registry:4980:1786724066620768400:/registry/user/s-1-5-21-319363115-539993444-1518226044-1001_classes/local settings/muicache/6/52c64b7e/c:/windows/system32/,@tzres.dll,-271","{'file': '\\REGISTRY\\USER\\S-1-5-21-319363115-539993444-1518226044-1001_Classes\\Local Settings\\MuiCache\\6\\52C64B7E\\C:\\Windows\\system32\\,@tzres.dll,-271'}",18037157
"registry:4980:1786724066620768400:/registry/user/s-1-5-21-319363115-539993444-1518226044-1001_classes/local settings/muicache/6/52c64b7e/c:/windows/system32/,@tzres.dll,-272","{'file': '\\REGISTRY\\USER\\S-1-5-21-319363115-539993444-1518226044-1001_Classes\\Local Settings\\MuiCache\\6\\52C64B7E\\C:\\Windows\\system32\\,@tzres.dll,-272'}",18037156
"registry:4980:1786724066620768400:/registry/user/s-1-5-21-319363115-539993444-1518226044-1001_classes/local settings/muicache/6/52c64b7e/c:/windows/system32/,@tzres.dll,-2751","{'file': '\\REGISTRY\\USER\\S-1-5-21-319363115-539993444-1518226044-1001_Classes\\Local Settings\\MuiCache\\6\\52C64B7E\\C:\\Windows\\system32\\,@tzres.dll,-2751'}",18037352
"registry:4980:1786724066620768400:/registry/user/s-1-5-21-319363115-539993444-1518226044-1001_classes/local settings/muicache/6/52c64b7e/c:/windows/system32/,@tzres.dll,-2752","{'file': '\\REGISTRY\\USER\\S-1-5-21-319363115-539993444-1518226044-1001_Classes\\Local Settings\\MuiCache\\6\\52C64B7E\\C:\\Windows\\system32\\,@tzres.dll,-2752'}",18037351
"registry:4980:1786724066620768400:/registry/user/s-1-5-21-319363115-539993444-1518226044-1001_classes/local settings/muicache/6/52c64b7e/c:/windows/system32/,@tzres.dll,-2771","{'file': '\\REGISTRY\\USER\\S-1-5-21-319363115-539993444-1518226044-1001_Classes\\Local Settings\\MuiCache\\6\\52C64B7E\\C:\\Windows\\system32\\,@tzres.dll,-2771'}",18037259
"registry:4980:1786724066620768400:/registry/user/s-1-5-21-319363115-539993444-1518226044-1001_classes/local settings/muicache/6/52c64b7e/c:/windows/system32/,@tzres.dll,-2772","{'file': '\\REGISTRY\\USER\\S-1-5-21-319363115-539993444-1518226044-1001_Classes\\Local Settings\\MuiCache\\6\\52C64B7E\\C:\\Windows\\system32\\,@tzres.dll,-2772'}",18037258
"registry:4980:1786724066620768400:/registry/user/s-1-5-21-319363115-539993444-1518226044-1001_classes/local settings/muicache/6/52c64b7e/c:/windows/system32/,@tzres.dll,-2791","{'file': '\\REGISTRY\\USER\\S-1-5-21-319363115-539993444-1518226044-1001_Classes\\Local Settings\\MuiCache\\6\\52C64B7E\\C:\\Windows\\system32\\,@tzres.dll,-2791'}",18037232
"registry:4980:1786724066620768400:/registry/user/s-1-5-21-319363115-539993444-1518226044-1001_classes/local settings/muicache/6/52c64b7e/c:/windows/system32/,@tzres.dll,-2792","{'file': '\\REGISTRY\\USER\\S-1-5-21-319363115-539993444-1518226044-1001_Classes\\Local Settings\\MuiCache\\6\\52C64B7E\\C:\\Windows\\system32\\,@tzres.dll,-2792'}",18037231
"registry:4980:1786724066620768400:/registry/user/s-1-5-21-319363115-539993444-1518226044-1001_classes/local settings/muicache/6/52c64b7e/c:/windows/system32/,@tzres.dll,-281","{'file': '\\REGISTRY\\USER\\S-1-5-21-319363115-539993444-1518226044-1001_Classes\\Local Settings\\MuiCache\\6\\52C64B7E\\C:\\Windows\\system32\\,@tzres.dll,-281'}",18037088
"registry:4980:1786724066620768400:/registry/user/s-1-5-21-319363115-539993444-1518226044-1001_classes/local settings/muicache/6/52c64b7e/c:/windows/system32/,@tzres.dll,-282","{'file': '\\REGISTRY\\USER\\S-1-5-21-319363115-539993444-1518226044-1001_Classes\\Local Settings\\MuiCache\\6\\52C64B7E\\C:\\Windows\\system32\\,@tzres.dll,-282'}",18037087
"registry:4980:1786724066620768400:/registry/user/s-1-5-21-319363115-539993444-1518226044-1001_classes/local settings/muicache/6/52c64b7e/c:/windows/system32/,@tzres.dll,-2841","{'file': '\\REGISTRY\\USER\\S-1-5-21-319363115-539993444-1518226044-1001_Classes\\Local Settings\\MuiCache\\6\\52C64B7E\\C:\\Windows\\system32\\,@tzres.dll,-2841'}",18037316
"registry:4980:1786724066620768400:/registry/user/s-1-5-21-319363115-539993444-1518226044-1001_classes/local settings/muicache/6/52c64b7e/c:/windows/system32/,@tzres.dll,-2842","{'file': '\\REGISTRY\\USER\\S-1-5-21-319363115-539993444-1518226044-1001_Classes\\Local Settings\\MuiCache\\6\\52C64B7E\\C:\\Windows\\system32\\,@tzres.dll,-2842'}",18037315
"registry:4980:1786724066620768400:/registry/user/s-1-5-21-319363115-539993444-1518226044-1001_classes/local settings/muicache/6/52c64b7e/c:/windows/system32/,@tzres.dll,-2871","{'file': '\\REGISTRY\\USER\\S-1-5-21-319363115-539993444-1518226044-1001_Classes\\Local Settings\\MuiCache\\6\\52C64B7E\\C:\\Windows\\system32\\,@tzres.dll,-2871'}",18037202
"registry:4980:1786724066620768400:/registry/user/s-1-5-21-319363115-539993444-1518226044-1001_classes/local settings/muicache/6/52c64b7e/c:/windows/system32/,@tzres.dll,-2872","{'file': '\\REGISTRY\\USER\\S-1-5-21-319363115-539993444-1518226044-1001_Classes\\Local Settings\\MuiCache\\6\\52C64B7E\\C:\\Windows\\system32\\,@tzres.dll,-2872'}",18037201
"registry:4980:1786724066620768400:/registry/user/s-1-5-21-319363115-539993444-1518226044-1001_classes/local settings/muicache/6/52c64b7e/c:/windows/system32/,@tzres.dll,-2891","{'file': '\\REGISTRY\\USER\\S-1-5-21-319363115-539993444-1518226044-1001_Classes\\Local Settings\\MuiCache\\6\\52C64B7E\\C:\\Windows\\system32\\,@tzres.dll,-2891'}",18037334
"registry:4980:1786724066620768400:/registry/user/s-1-5-21-319363115-539993444-1518226044-1001_classes/local settings/muicache/6/52c64b7e/c:/windows/system32/,@tzres.dll,-2892","{'file': '\\REGISTRY\\USER\\S-1-5-21-319363115-539993444-1518226044-1001_Classes\\Local Settings\\MuiCache\\6\\52C64B7E\\C:\\Windows\\system32\\,@tzres.dll,-2892'}",18037333
"registry:4980:1786724066620768400:/registry/user/s-1-5-21-319363115-539993444-1518226044-1001_classes/local settings/muicache/6/52c64b7e/c:/windows/system32/,@tzres.dll,-291","{'file': '\\REGISTRY\\USER\\S-1-5-21-319363115-539993444-1518226044-1001_Classes\\Local Settings\\MuiCache\\6\\52C64B7E\\C:\\Windows\\system32\\,@tzres.dll,-291'}",18037091
"registry:4980:1786724066620768400:/registry/user/s-1-5-21-319363115-539993444-1518226044-1001_classes/local settings/muicache/6/52c64b7e/c:/windows/system32/,@tzres.dll,-292","{'file': '\\REGISTRY\\USER\\S-1-5-21-319363115-539993444-1518226044-1001_Classes\\Local Settings\\MuiCache\\6\\52C64B7E\\C:\\Windows\\system32\\,@tzres.dll,-292'}",18037090
"registry:4980:1786724066620768400:/registry/user/s-1-5-21-319363115-539993444-1518226044-1001_classes/local settings/muicache/6/52c64b7e/c:/windows/system32/,@tzres.dll,-2941","{'file': '\\REGISTRY\\USER\\S-1-5-21-319363115-539993444-1518226044-1001_Classes\\Local Settings\\MuiCache\\6\\52C64B7E\\C:\\Windows\\system32\\,@tzres.dll,-2941'}",18037313
"registry:4980:1786724066620768400:/registry/user/s-1-5-21-319363115-539993444-1518226044-1001_classes/local settings/muicache/6/52c64b7e/c:/windows/system32/,@tzres.dll,-2942","{'file': '\\REGISTRY\\USER\\S-1-5-21-319363115-539993444-1518226044-1001_Classes\\Local Settings\\MuiCache\\6\\52C64B7E\\C:\\Windows\\system32\\,@tzres.dll,-2942'}",18037312
"registry:4980:1786724066620768400:/registry/user/s-1-5-21-319363115-539993444-1518226044-1001_classes/local settings/muicache/6/52c64b7e/c:/windows/system32/,@tzres.dll,-301","{'file': '\\REGISTRY\\USER\\S-1-5-21-319363115-539993444-1518226044-1001_Classes\\Local Settings\\MuiCache\\6\\52C64B7E\\C:\\Windows\\system32\\,@tzres.dll,-301'}",18037280
"registry:4980:1786724066620768400:/registry/user/s-1-5-21-319363115-539993444-1518226044-1001_classes/local settings/muicache/6/52c64b7e/c:/windows/system32/,@tzres.dll,-302","{'file': '\\REGISTRY\\USER\\S-1-5-21-319363115-539993444-1518226044-1001_Classes\\Local Settings\\MuiCache\\6\\52C64B7E\\C:\\Windows\\system32\\,@tzres.dll,-302'}",18037279
"registry:4980:1786724066620768400:/registry/user/s-1-5-21-319363115-539993444-1518226044-1001_classes/local settings/muicache/6/52c64b7e/c:/windows/system32/,@tzres.dll,-3051","{'file': '\\REGISTRY\\USER\\S-1-5-21-319363115-539993444-1518226044-1001_Classes\\Local Settings\\MuiCache\\6\\52C64B7E\\C:\\Windows\\system32\\,@tzres.dll,-3051'}",18037277
"registry:4980:1786724066620768400:/registry/user/s-1-5-21-319363115-539993444-1518226044-1001_classes/local settings/muicache/6/52c64b7e/c:/windows/system32/,@tzres.dll,-3052","{'file': '\\REGISTRY\\USER\\S-1-5-21-319363115-539993444-1518226044-1001_Classes\\Local Settings\\MuiCache\\6\\52C64B7E\\C:\\Windows\\system32\\,@tzres.dll,-3052'}",18037276
"registry:4980:1786724066620768400:/registry/user/s-1-5-21-319363115-539993444-1518226044-1001_classes/local settings/muicache/6/52c64b7e/c:/windows/system32/,@tzres.dll,-31","{'file': '\\REGISTRY\\USER\\S-1-5-21-319363115-539993444-1518226044-1001_Classes\\Local Settings\\MuiCache\\6\\52C64B7E\\C:\\Windows\\system32\\,@tzres.dll,-31'}",18037211
"registry:4980:1786724066620768400:/registry/user/s-1-5-21-319363115-539993444-1518226044-1001_classes/local settings/muicache/6/52c64b7e/c:/windows/system32/,@tzres.dll,-3141","{'file': '\\REGISTRY\\USER\\S-1-5-21-319363115-539993444-1518226044-1001_Classes\\Local Settings\\MuiCache\\6\\52C64B7E\\C:\\Windows\\system32\\,@tzres.dll,-3141'}",18037328
"registry:4980:1786724066620768400:/registry/user/s-1-5-21-319363115-539993444-1518226044-1001_classes/local settings/muicache/6/52c64b7e/c:/windows/system32/,@tzres.dll,-3142","{'file': '\\REGISTRY\\USER\\S-1-5-21-319363115-539993444-1518226044-1001_Classes\\Local Settings\\MuiCache\\6\\52C64B7E\\C:\\Windows\\system32\\,@tzres.dll,-3142'}",18037327
"registry:4980:1786724066620768400:/registry/user/s-1-5-21-319363115-539993444-1518226044-1001_classes/local settings/muicache/6/52c64b7e/c:/windows/system32/,@tzres.dll,-32","{'file': '\\REGISTRY\\USER\\S-1-5-21-319363115-539993444-1518226044-1001_Classes\\Local Settings\\MuiCache\\6\\52C64B7E\\C:\\Windows\\system32\\,@tzres.dll,-32'}",18037210
"registry:4980:1786724066620768400:/registry/user/s-1-5-21-319363115-539993444-1518226044-1001_classes/local settings/muicache/6/52c64b7e/c:/windows/system32/,@tzres.dll,-331","{'file': '\\REGISTRY\\USER\\S-1-5-21-319363115-539993444-1518226044-1001_Classes\\Local Settings\\MuiCache\\6\\52C64B7E\\C:\\Windows\\system32\\,@tzres.dll,-331'}",18037121
"registry:4980:1786724066620768400:/registry/user/s-1-5-21-319363115-539993444-1518226044-1001_classes/local settings/muicache/6/52c64b7e/c:/windows/system32/,@tzres.dll,-332","{'file': '\\REGISTRY\\USER\\S-1-5-21-319363115-539993444-1518226044-1001_Classes\\Local Settings\\MuiCache\\6\\52C64B7E\\C:\\Windows\\system32\\,@tzres.dll,-332'}",18037120
"registry:4980:1786724066620768400:/registry/user/s-1-5-21-319363115-539993444-1518226044-1001_classes/local settings/muicache/6/52c64b7e/c:/windows/system32/,@tzres.dll,-334","{'file': '\\REGISTRY\\USER\\S-1-5-21-319363115-539993444-1518226044-1001_Classes\\Local Settings\\MuiCache\\6\\52C64B7E\\C:\\Windows\\system32\\,@tzres.dll,-334'}",18037178
"registry:4980:1786724066620768400:/registry/user/s-1-5-21-319363115-539993444-1518226044-1001_classes/local settings/muicache/6/52c64b7e/c:/windows/system32/,@tzres.dll,-335","{'file': '\\REGISTRY\\USER\\S-1-5-21-319363115-539993444-1518226044-1001_Classes\\Local Settings\\MuiCache\\6\\52C64B7E\\C:\\Windows\\system32\\,@tzres.dll,-335'}",18037177
"registry:4980:1786724066620768400:/registry/user/s-1-5-21-319363115-539993444-1518226044-1001_classes/local settings/muicache/6/52c64b7e/c:/windows/system32/,@tzres.dll,-341","{'file': '\\REGISTRY\\USER\\S-1-5-21-319363115-539993444-1518226044-1001_Classes\\Local Settings\\MuiCache\\6\\52C64B7E\\C:\\Windows\\system32\\,@tzres.dll,-341'}",18037136
"registry:4980:1786724066620768400:/registry/user/s-1-5-21-319363115-539993444-1518226044-1001_classes/local settings/muicache/6/52c64b7e/c:/windows/system32/,@tzres.dll,-342","{'file': '\\REGISTRY\\USER\\S-1-5-21-319363115-539993444-1518226044-1001_Classes\\Local Settings\\MuiCache\\6\\52C64B7E\\C:\\Windows\\system32\\,@tzres.dll,-342'}",18037135
"registry:4980:1786724066620768400:/registry/user/s-1-5-21-319363115-539993444-1518226044-1001_classes/local settings/muicache/6/52c64b7e/c:/windows/system32/,@tzres.dll,-351","{'file': '\\REGISTRY\\USER\\S-1-5-21-319363115-539993444-1518226044-1001_Classes\\Local Settings\\MuiCache\\6\\52C64B7E\\C:\\Windows\\system32\\,@tzres.dll,-351'}",18037145
"registry:4980:1786724066620768400:/registry/user/s-1-5-21-319363115-539993444-1518226044-1001_classes/local settings/muicache/6/52c64b7e/c:/windows/system32/,@tzres.dll,-352","{'file': '\\REGISTRY\\USER\\S-1-5-21-319363115-539993444-1518226044-1001_Classes\\Local Settings\\MuiCache\\6\\52C64B7E\\C:\\Windows\\system32\\,@tzres.dll,-352'}",18037144
"registry:4980:1786724066620768400:/registry/user/s-1-5-21-319363115-539993444-1518226044-1001_classes/local settings/muicache/6/52c64b7e/c:/windows/system32/,@tzres.dll,-361","{'file': '\\REGISTRY\\USER\\S-1-5-21-319363115-539993444-1518226044-1001_Classes\\Local Settings\\MuiCache\\6\\52C64B7E\\C:\\Windows\\system32\\,@tzres.dll,-361'}",18037160
"registry:4980:1786724066620768400:/registry/user/s-1-5-21-319363115-539993444-1518226044-1001_classes/local settings/muicache/6/52c64b7e/c:/windows/system32/,@tzres.dll,-362","{'file': '\\REGISTRY\\USER\\S-1-5-21-319363115-539993444-1518226044-1001_Classes\\Local Settings\\MuiCache\\6\\52C64B7E\\C:\\Windows\\system32\\,@tzres.dll,-362'}",18037159
"registry:4980:1786724066620768400:/registry/user/s-1-5-21-319363115-539993444-1518226044-1001_classes/local settings/muicache/6/52c64b7e/c:/windows/system32/,@tzres.dll,-364","{'file': '\\REGISTRY\\USER\\S-1-5-21-319363115-539993444-1518226044-1001_Classes\\Local Settings\\MuiCache\\6\\52C64B7E\\C:\\Windows\\system32\\,@tzres.dll,-364'}",18037214
"registry:4980:1786724066620768400:/registry/user/s-1-5-21-319363115-539993444-1518226044-1001_classes/local settings/muicache/6/52c64b7e/c:/windows/system32/,@tzres.dll,-365","{'file': '\\REGISTRY\\USER\\S-1-5-21-319363115-539993444-1518226044-1001_Classes\\Local Settings\\MuiCache\\6\\52C64B7E\\C:\\Windows\\system32\\,@tzres.dll,-365'}",18037213
"registry:4980:1786724066620768400:/registry/user/s-1-5-21-319363115-539993444-1518226044-1001_classes/local settings/muicache/6/52c64b7e/c:/windows/system32/,@tzres.dll,-371","{'file': '\\REGISTRY\\USER\\S-1-5-21-319363115-539993444-1518226044-1001_Classes\\Local Settings\\MuiCache\\6\\52C64B7E\\C:\\Windows\\system32\\,@tzres.dll,-371'}",18037175
"registry:4980:1786724066620768400:/registry/user/s-1-5-21-319363115-539993444-1518226044-1001_classes/local settings/muicache/6/52c64b7e/c:/windows/system32/,@tzres.dll,-372","{'file': '\\REGISTRY\\USER\\S-1-5-21-319363115-539993444-1518226044-1001_Classes\\Local Settings\\MuiCache\\6\\52C64B7E\\C:\\Windows\\system32\\,@tzres.dll,-372'}",18037174
"registry:4980:1786724066620768400:/registry/user/s-1-5-21-319363115-539993444-1518226044-1001_classes/local settings/muicache/6/52c64b7e/c:/windows/system32/,@tzres.dll,-381","{'file': '\\REGISTRY\\USER\\S-1-5-21-319363115-539993444-1518226044-1001_Classes\\Local Settings\\MuiCache\\6\\52C64B7E\\C:\\Windows\\system32\\,@tzres.dll,-381'}",18037325
"registry:4980:1786724066620768400:/registry/user/s-1-5-21-319363115-539993444-1518226044-1001_classes/local settings/muicache/6/52c64b7e/c:/windows/system32/,@tzres.dll,-382","{'file': '\\REGISTRY\\USER\\S-1-5-21-319363115-539993444-1518226044-1001_Classes\\Local Settings\\MuiCache\\6\\52C64B7E\\C:\\Windows\\system32\\,@tzres.dll,-382'}",18037324
"registry:4980:1786724066620768400:/registry/user/s-1-5-21-319363115-539993444-1518226044-1001_classes/local settings/muicache/6/52c64b7e/c:/windows/system32/,@tzres.dll,-384","{'file': '\\REGISTRY\\USER\\S-1-5-21-319363115-539993444-1518226044-1001_Classes\\Local Settings\\MuiCache\\6\\52C64B7E\\C:\\Windows\\system32\\,@tzres.dll,-384'}",18037235
"registry:4980:1786724066620768400:/registry/user/s-1-5-21-319363115-539993444-1518226044-1001_classes/local settings/muicache/6/52c64b7e/c:/windows/system32/,@tzres.dll,-385","{'file': '\\REGISTRY\\USER\\S-1-5-21-319363115-539993444-1518226044-1001_Classes\\Local Settings\\MuiCache\\6\\52C64B7E\\C:\\Windows\\system32\\,@tzres.dll,-385'}",18037234
"registry:4980:1786724066620768400:/registry/user/s-1-5-21-319363115-539993444-1518226044-1001_classes/local settings/muicache/6/52c64b7e/c:/windows/system32/,@tzres.dll,-391","{'file': '\\REGISTRY\\USER\\S-1-5-21-319363115-539993444-1518226044-1001_Classes\\Local Settings\\MuiCache\\6\\52C64B7E\\C:\\Windows\\system32\\,@tzres.dll,-391'}",18037021
"registry:4980:1786724066620768400:/registry/user/s-1-5-21-319363115-539993444-1518226044-1001_classes/local settings/muicache/6/52c64b7e/c:/windows/system32/,@tzres.dll,-392","{'file': '\\REGISTRY\\USER\\S-1-5-21-319363115-539993444-1518226044-1001_Classes\\Local Settings\\MuiCache\\6\\52C64B7E\\C:\\Windows\\system32\\,@tzres.dll,-392'}",18037020
"registry:4980:1786724066620768400:/registry/user/s-1-5-21-319363115-539993444-1518226044-1001_classes/local settings/muicache/6/52c64b7e/c:/windows/system32/,@tzres.dll,-401","{'file': '\\REGISTRY\\USER\\S-1-5-21-319363115-539993444-1518226044-1001_Classes\\Local Settings\\MuiCache\\6\\52C64B7E\\C:\\Windows\\system32\\,@tzres.dll,-401'}",18037027
"registry:4980:1786724066620768400:/registry/user/s-1-5-21-319363115-539993444-1518226044-1001_classes/local settings/muicache/6/52c64b7e/c:/windows/system32/,@tzres.dll,-402","{'file': '\\REGISTRY\\USER\\S-1-5-21-319363115-539993444-1518226044-1001_Classes\\Local Settings\\MuiCache\\6\\52C64B7E\\C:\\Windows\\system32\\,@tzres.dll,-402'}",18037026
"registry:4980:1786724066620768400:/registry/user/s-1-5-21-319363115-539993444-1518226044-1001_classes/local settings/muicache/6/52c64b7e/c:/windows/system32/,@tzres.dll,-41","{'file': '\\REGISTRY\\USER\\S-1-5-21-319363115-539993444-1518226044-1001_Classes\\Local Settings\\MuiCache\\6\\52C64B7E\\C:\\Windows\\system32\\,@tzres.dll,-41'}",18037124
"registry:4980:1786724066620768400:/registry/user/s-1-5-21-319363115-539993444-1518226044-1001_classes/local settings/muicache/6/52c64b7e/c:/windows/system32/,@tzres.dll,-411","{'file': '\\REGISTRY\\USER\\S-1-5-21-319363115-539993444-1518226044-1001_Classes\\Local Settings\\MuiCache\\6\\52C64B7E\\C:\\Windows\\system32\\,@tzres.dll,-411'}",18037115
"registry:4980:1786724066620768400:/registry/user/s-1-5-21-319363115-539993444-1518226044-1001_classes/local settings/muicache/6/52c64b7e/c:/windows/system32/,@tzres.dll,-412","{'file': '\\REGISTRY\\USER\\S-1-5-21-319363115-539993444-1518226044-1001_Classes\\Local Settings\\MuiCache\\6\\52C64B7E\\C:\\Windows\\system32\\,@tzres.dll,-412'}",18037114
"registry:4980:1786724066620768400:/registry/user/s-1-5-21-319363115-539993444-1518226044-1001_classes/local settings/muicache/6/52c64b7e/c:/windows/system32/,@tzres.dll,-42","{'file': '\\REGISTRY\\USER\\S-1-5-21-319363115-539993444-1518226044-1001_Classes\\Local Settings\\MuiCache\\6\\52C64B7E\\C:\\Windows\\system32\\,@tzres.dll,-42'}",18037123
"registry:4980:1786724066620768400:/registry/user/s-1-5-21-319363115-539993444-1518226044-1001_classes/local settings/muicache/6/52c64b7e/c:/windows/system32/,@tzres.dll,-431","{'file': '\\REGISTRY\\USER\\S-1-5-21-319363115-539993444-1518226044-1001_Classes\\Local Settings\\MuiCache\\6\\52C64B7E\\C:\\Windows\\system32\\,@tzres.dll,-431'}",18037172
"registry:4980:1786724066620768400:/registry/user/s-1-5-21-319363115-539993444-1518226044-1001_classes/local settings/muicache/6/52c64b7e/c:/windows/system32/,@tzres.dll,-432","{'file': '\\REGISTRY\\USER\\S-1-5-21-319363115-539993444-1518226044-1001_Classes\\Local Settings\\MuiCache\\6\\52C64B7E\\C:\\Windows\\system32\\,@tzres.dll,-432'}",18037171
"registry:4980:1786724066620768400:/registry/user/s-1-5-21-319363115-539993444-1518226044-1001_classes/local settings/muicache/6/52c64b7e/c:/windows/system32/,@tzres.dll,-434","{'file': '\\REGISTRY\\USER\\S-1-5-21-319363115-539993444-1518226044-1001_Classes\\Local Settings\\MuiCache\\6\\52C64B7E\\C:\\Windows\\system32\\,@tzres.dll,-434'}",18037148
"registry:4980:1786724066620768400:/registry/user/s-1-5-21-319363115-539993444-1518226044-1001_classes/local settings/muicache/6/52c64b7e/c:/windows/system32/,@tzres.dll,-435","{'file': '\\REGISTRY\\USER\\S-1-5-21-319363115-539993444-1518226044-1001_Classes\\Local Settings\\MuiCache\\6\\52C64B7E\\C:\\Windows\\system32\\,@tzres.dll,-435'}",18037147
"registry:4980:1786724066620768400:/registry/user/s-1-5-21-319363115-539993444-1518226044-1001_classes/local settings/muicache/6/52c64b7e/c:/windows/system32/,@tzres.dll,-441","{'file': '\\REGISTRY\\USER\\S-1-5-21-319363115-539993444-1518226044-1001_Classes\\Local Settings\\MuiCache\\6\\52C64B7E\\C:\\Windows\\system32\\,@tzres.dll,-441'}",18037024
"registry:4980:1786724066620768400:/registry/user/s-1-5-21-319363115-539993444-1518226044-1001_classes/local settings/muicache/6/52c64b7e/c:/windows/system32/,@tzres.dll,-442","{'file': '\\REGISTRY\\USER\\S-1-5-21-319363115-539993444-1518226044-1001_Classes\\Local Settings\\MuiCache\\6\\52C64B7E\\C:\\Windows\\system32\\,@tzres.dll,-442'}",18037023
"registry:4980:1786724066620768400:/registry/user/s-1-5-21-319363115-539993444-1518226044-1001_classes/local settings/muicache/6/52c64b7e/c:/windows/system32/,@tzres.dll,-448","{'file': '\\REGISTRY\\USER\\S-1-5-21-319363115-539993444-1518226044-1001_Classes\\Local Settings\\MuiCache\\6\\52C64B7E\\C:\\Windows\\system32\\,@tzres.dll,-448'}",18037048
"registry:4980:1786724066620768400:/registry/user/s-1-5-21-319363115-539993444-1518226044-1001_classes/local settings/muicache/6/52c64b7e/c:/windows/system32/,@tzres.dll,-449","{'file': '\\REGISTRY\\USER\\S-1-5-21-319363115-539993444-1518226044-1001_Classes\\Local Settings\\MuiCache\\6\\52C64B7E\\C:\\Windows\\system32\\,@tzres.dll,-449'}",18037047
"registry:4980:1786724066620768400:/registry/user/s-1-5-21-319363115-539993444-1518226044-1001_classes/local settings/muicache/6/52c64b7e/c:/windows/system32/,@tzres.dll,-451","{'file': '\\REGISTRY\\USER\\S-1-5-21-319363115-539993444-1518226044-1001_Classes\\Local Settings\\MuiCache\\6\\52C64B7E\\C:\\Windows\\system32\\,@tzres.dll,-451'}",18037072
"registry:4980:1786724066620768400:/registry/user/s-1-5-21-319363115-539993444-1518226044-1001_classes/local settings/muicache/6/52c64b7e/c:/windows/system32/,@tzres.dll,-452","{'file': '\\REGISTRY\\USER\\S-1-5-21-319363115-539993444-1518226044-1001_Classes\\Local Settings\\MuiCache\\6\\52C64B7E\\C:\\Windows\\system32\\,@tzres.dll,-452'}",18037071
"registry:4980:1786724066620768400:/registry/user/s-1-5-21-319363115-539993444-1518226044-1001_classes/local settings/muicache/6/52c64b7e/c:/windows/system32/,@tzres.dll,-461","{'file': '\\REGISTRY\\USER\\S-1-5-21-319363115-539993444-1518226044-1001_Classes\\Local Settings\\MuiCache\\6\\52C64B7E\\C:\\Windows\\system32\\,@tzres.dll,-461'}",18037009
"registry:4980:1786724066620768400:/registry/user/s-1-5-21-319363115-539993444-1518226044-1001_classes/local settings/muicache/6/52c64b7e/c:/windows/system32/,@tzres.dll,-462","{'file': '\\REGISTRY\\USER\\S-1-5-21-319363115-539993444-1518226044-1001_Classes\\Local Settings\\MuiCache\\6\\52C64B7E\\C:\\Windows\\system32\\,@tzres.dll,-462'}",18037008
"registry:4980:1786724066620768400:/registry/user/s-1-5-21-319363115-539993444-1518226044-1001_classes/local settings/muicache/6/52c64b7e/c:/windows/system32/,@tzres.dll,-491","{'file': '\\REGISTRY\\USER\\S-1-5-21-319363115-539993444-1518226044-1001_Classes\\Local Settings\\MuiCache\\6\\52C64B7E\\C:\\Windows\\system32\\,@tzres.dll,-491'}",18037169
"registry:4980:1786724066620768400:/registry/user/s-1-5-21-319363115-539993444-1518226044-1001_classes/local settings/muicache/6/52c64b7e/c:/windows/system32/,@tzres.dll,-492","{'file': '\\REGISTRY\\USER\\S-1-5-21-319363115-539993444-1518226044-1001_Classes\\Local Settings\\MuiCache\\6\\52C64B7E\\C:\\Windows\\system32\\,@tzres.dll,-492'}",18037168
"registry:4980:1786724066620768400:/registry/user/s-1-5-21-319363115-539993444-1518226044-1001_classes/local settings/muicache/6/52c64b7e/c:/windows/system32/,@tzres.dll,-501","{'file': '\\REGISTRY\\USER\\S-1-5-21-319363115-539993444-1518226044-1001_Classes\\Local Settings\\MuiCache\\6\\52C64B7E\\C:\\Windows\\system32\\,@tzres.dll,-501'}",18037238
"registry:4980:1786724066620768400:/registry/user/s-1-5-21-319363115-539993444-1518226044-1001_classes/local settings/muicache/6/52c64b7e/c:/windows/system32/,@tzres.dll,-502","{'file': '\\REGISTRY\\USER\\S-1-5-21-319363115-539993444-1518226044-1001_Classes\\Local Settings\\MuiCache\\6\\52C64B7E\\C:\\Windows\\system32\\,@tzres.dll,-502'}",18037237
"registry:4980:1786724066620768400:/registry/user/s-1-5-21-319363115-539993444-1518226044-1001_classes/local settings/muicache/6/52c64b7e/c:/windows/system32/,@tzres.dll,-51","{'file': '\\REGISTRY\\USER\\S-1-5-21-319363115-539993444-1518226044-1001_Classes\\Local Settings\\MuiCache\\6\\52C64B7E\\C:\\Windows\\system32\\,@tzres.dll,-51'}",18037154
"registry:4980:1786724066620768400:/registry/user/s-1-5-21-319363115-539993444-1518226044-1001_classes/local settings/muicache/6/52c64b7e/c:/windows/system32/,@tzres.dll,-511","{'file': '\\REGISTRY\\USER\\S-1-5-21-319363115-539993444-1518226044-1001_Classes\\Local Settings\\MuiCache\\6\\52C64B7E\\C:\\Windows\\system32\\,@tzres.dll,-511'}",18037082
"registry:4980:1786724066620768400:/registry/user/s-1-5-21-319363115-539993444-1518226044-1001_classes/local settings/muicache/6/52c64b7e/c:/windows/system32/,@tzres.dll,-512","{'file': '\\REGISTRY\\USER\\S-1-5-21-319363115-539993444-1518226044-1001_Classes\\Local Settings\\MuiCache\\6\\52C64B7E\\C:\\Windows\\system32\\,@tzres.dll,-512'}",18037081
"registry:4980:1786724066620768400:/registry/user/s-1-5-21-319363115-539993444-1518226044-1001_classes/local settings/muicache/6/52c64b7e/c:/windows/system32/,@tzres.dll,-52","{'file': '\\REGISTRY\\USER\\S-1-5-21-319363115-539993444-1518226044-1001_Classes\\Local Settings\\MuiCache\\6\\52C64B7E\\C:\\Windows\\system32\\,@tzres.dll,-52'}",18037153
"registry:4980:1786724066620768400:/registry/user/s-1-5-21-319363115-539993444-1518226044-1001_classes/local settings/muicache/6/52c64b7e/c:/windows/system32/,@tzres.dll,-531","{'file': '\\REGISTRY\\USER\\S-1-5-21-319363115-539993444-1518226044-1001_Classes\\Local Settings\\MuiCache\\6\\52C64B7E\\C:\\Windows\\system32\\,@tzres.dll,-531'}",18037331
"registry:4980:1786724066620768400:/registry/user/s-1-5-21-319363115-539993444-1518226044-1001_classes/local settings/muicache/6/52c64b7e/c:/windows/system32/,@tzres.dll,-532","{'file': '\\REGISTRY\\USER\\S-1-5-21-319363115-539993444-1518226044-1001_Classes\\Local Settings\\MuiCache\\6\\52C64B7E\\C:\\Windows\\system32\\,@tzres.dll,-532'}",18037330
"registry:4980:1786724066620768400:/registry/user/s-1-5-21-319363115-539993444-1518226044-1001_classes/local settings/muicache/6/52c64b7e/c:/windows/system32/,@tzres.dll,-541","{'file': '\\REGISTRY\\USER\\S-1-5-21-319363115-539993444-1518226044-1001_Classes\\Local Settings\\MuiCache\\6\\52C64B7E\\C:\\Windows\\system32\\,@tzres.dll,-541'}",18037229
"registry:4980:1786724066620768400:/registry/user/s-1-5-21-319363115-539993444-1518226044-1001_classes/local settings/muicache/6/52c64b7e/c:/windows/system32/,@tzres.dll,-542","{'file': '\\REGISTRY\\USER\\S-1-5-21-319363115-539993444-1518226044-1001_Classes\\Local Settings\\MuiCache\\6\\52C64B7E\\C:\\Windows\\system32\\,@tzres.dll,-542'}",18037228
"registry:4980:1786724066620768400:/registry/user/s-1-5-21-319363115-539993444-1518226044-1001_classes/local settings/muicache/6/52c64b7e/c:/windows/system32/,@tzres.dll,-561","{'file': '\\REGISTRY\\USER\\S-1-5-21-319363115-539993444-1518226044-1001_Classes\\Local Settings\\MuiCache\\6\\52C64B7E\\C:\\Windows\\system32\\,@tzres.dll,-561'}",18037319
"registry:4980:1786724066620768400:/registry/user/s-1-5-21-319363115-539993444-1518226044-1001_classes/local settings/muicache/6/52c64b7e/c:/windows/system32/,@tzres.dll,-562","{'file': '\\REGISTRY\\USER\\S-1-5-21-319363115-539993444-1518226044-1001_Classes\\Local Settings\\MuiCache\\6\\52C64B7E\\C:\\Windows\\system32\\,@tzres.dll,-562'}",18037318
"registry:4980:1786724066620768400:/registry/user/s-1-5-21-319363115-539993444-1518226044-1001_classes/local settings/muicache/6/52c64b7e/c:/windows/system32/,@tzres.dll,-571","{'file': '\\REGISTRY\\USER\\S-1-5-21-319363115-539993444-1518226044-1001_Classes\\Local Settings\\MuiCache\\6\\52C64B7E\\C:\\Windows\\system32\\,@tzres.dll,-571'}",18037106
"registry:4980:1786724066620768400:/registry/user/s-1-5-21-319363115-539993444-1518226044-1001_classes/local settings/muicache/6/52c64b7e/c:/windows/system32/,@tzres.dll,-572","{'file': '\\REGISTRY\\USER\\S-1-5-21-319363115-539993444-1518226044-1001_Classes\\Local Settings\\MuiCache\\6\\52C64B7E\\C:\\Windows\\system32\\,@tzres.dll,-572'}",18037105
"registry:4980:1786724066620768400:/registry/user/s-1-5-21-319363115-539993444-1518226044-1001_classes/local settings/muicache/6/52c64b7e/c:/windows/system32/,@tzres.dll,-591","{'file': '\\REGISTRY\\USER\\S-1-5-21-319363115-539993444-1518226044-1001_Classes\\Local Settings\\MuiCache\\6\\52C64B7E\\C:\\Windows\\system32\\,@tzres.dll,-591'}",18037322
"registry:4980:1786724066620768400:/registry/user/s-1-5-21-319363115-539993444-1518226044-1001_classes/local settings/muicache/6/52c64b7e/c:/windows/system32/,@tzres.dll,-592","{'file': '\\REGISTRY\\USER\\S-1-5-21-319363115-539993444-1518226044-1001_Classes\\Local Settings\\MuiCache\\6\\52C64B7E\\C:\\Windows\\system32\\,@tzres.dll,-592'}",18037321
"registry:4980:1786724066620768400:/registry/user/s-1-5-21-319363115-539993444-1518226044-1001_classes/local settings/muicache/6/52c64b7e/c:/windows/system32/,@tzres.dll,-601","{'file': '\\REGISTRY\\USER\\S-1-5-21-319363115-539993444-1518226044-1001_Classes\\Local Settings\\MuiCache\\6\\52C64B7E\\C:\\Windows\\system32\\,@tzres.dll,-601'}",18037340
"registry:4980:1786724066620768400:/registry/user/s-1-5-21-319363115-539993444-1518226044-1001_classes/local settings/muicache/6/52c64b7e/c:/windows/system32/,@tzres.dll,-602","{'file': '\\REGISTRY\\USER\\S-1-5-21-319363115-539993444-1518226044-1001_Classes\\Local Settings\\MuiCache\\6\\52C64B7E\\C:\\Windows\\system32\\,@tzres.dll,-602'}",18037339
"registry:4980:1786724066620768400:/registry/user/s-1-5-21-319363115-539993444-1518226044-1001_classes/local settings/muicache/6/52c64b7e/c:/windows/system32/,@tzres.dll,-621","{'file': '\\REGISTRY\\USER\\S-1-5-21-319363115-539993444-1518226044-1001_Classes\\Local Settings\\MuiCache\\6\\52C64B7E\\C:\\Windows\\system32\\,@tzres.dll,-621'}",18037187
"registry:4980:1786724066620768400:/registry/user/s-1-5-21-319363115-539993444-1518226044-1001_classes/local settings/muicache/6/52c64b7e/c:/windows/system32/,@tzres.dll,-622","{'file': '\\REGISTRY\\USER\\S-1-5-21-319363115-539993444-1518226044-1001_Classes\\Local Settings\\MuiCache\\6\\52C64B7E\\C:\\Windows\\system32\\,@tzres.dll,-622'}",18037186
"registry:4980:1786724066620768400:/registry/user/s-1-5-21-319363115-539993444-1518226044-1001_classes/local settings/muicache/6/52c64b7e/c:/windows/system32/,@tzres.dll,-631","{'file': '\\REGISTRY\\USER\\S-1-5-21-319363115-539993444-1518226044-1001_Classes\\Local Settings\\MuiCache\\6\\52C64B7E\\C:\\Windows\\system32\\,@tzres.dll,-631'}",18037349
"registry:4980:1786724066620768400:/registry/user/s-1-5-21-319363115-539993444-1518226044-1001_classes/local settings/muicache/6/52c64b7e/c:/windows/system32/,@tzres.dll,-632","{'file': '\\REGISTRY\\USER\\S-1-5-21-319363115-539993444-1518226044-1001_Classes\\Local Settings\\MuiCache\\6\\52C64B7E\\C:\\Windows\\system32\\,@tzres.dll,-632'}",18037348
"registry:4980:1786724066620768400:/registry/user/s-1-5-21-319363115-539993444-1518226044-1001_classes/local settings/muicache/6/52c64b7e/c:/windows/system32/,@tzres.dll,-651","{'file': '\\REGISTRY\\USER\\S-1-5-21-319363115-539993444-1518226044-1001_Classes\\Local Settings\\MuiCache\\6\\52C64B7E\\C:\\Windows\\system32\\,@tzres.dll,-651'}",18037039
"registry:4980:1786724066620768400:/registry/user/s-1-5-21-319363115-539993444-1518226044-1001_classes/local settings/muicache/6/52c64b7e/c:/windows/system32/,@tzres.dll,-652","{'file': '\\REGISTRY\\USER\\S-1-5-21-319363115-539993444-1518226044-1001_Classes\\Local Settings\\MuiCache\\6\\52C64B7E\\C:\\Windows\\system32\\,@tzres.dll,-652'}",18037038
"registry:4980:1786724066620768400:/registry/user/s-1-5-21-319363115-539993444-1518226044-1001_classes/local settings/muicache/6/52c64b7e/c:/windows/system32/,@tzres.dll,-661","{'file': '\\REGISTRY\\USER\\S-1-5-21-319363115-539993444-1518226044-1001_Classes\\Local Settings\\MuiCache\\6\\52C64B7E\\C:\\Windows\\system32\\,@tzres.dll,-661'}",18037076
"registry:4980:1786724066620768400:/registry/user/s-1-5-21-319363115-539993444-1518226044-1001_classes/local settings/muicache/6/52c64b7e/c:/windows/system32/,@tzres.dll,-662","{'file': '\\REGISTRY\\USER\\S-1-5-21-319363115-539993444-1518226044-1001_Classes\\Local Settings\\MuiCache\\6\\52C64B7E\\C:\\Windows\\system32\\,@tzres.dll,-662'}",18037074
"registry:4980:1786724066620768400:/registry/user/s-1-5-21-319363115-539993444-1518226044-1001_classes/local settings/muicache/6/52c64b7e/c:/windows/system32/,@tzres.dll,-671","{'file': '\\REGISTRY\\USER\\S-1-5-21-319363115-539993444-1518226044-1001_Classes\\Local Settings\\MuiCache\\6\\52C64B7E\\C:\\Windows\\system32\\,@tzres.dll,-671'}",18037045
"registry:4980:1786724066620768400:/registry/user/s-1-5-21-319363115-539993444-1518226044-1001_classes/local settings/muicache/6/52c64b7e/c:/windows/system32/,@tzres.dll,-672","{'file': '\\REGISTRY\\USER\\S-1-5-21-319363115-539993444-1518226044-1001_Classes\\Local Settings\\MuiCache\\6\\52C64B7E\\C:\\Windows\\system32\\,@tzres.dll,-672'}",18037044
"registry:4980:1786724066620768400:/registry/user/s-1-5-21-319363115-539993444-1518226044-1001_classes/local settings/muicache/6/52c64b7e/c:/windows/system32/,@tzres.dll,-681","{'file': '\\REGISTRY\\USER\\S-1-5-21-319363115-539993444-1518226044-1001_Classes\\Local Settings\\MuiCache\\6\\52C64B7E\\C:\\Windows\\system32\\,@tzres.dll,-681'}",18037118
"registry:4980:1786724066620768400:/registry/user/s-1-5-21-319363115-539993444-1518226044-1001_classes/local settings/muicache/6/52c64b7e/c:/windows/system32/,@tzres.dll,-682","{'file': '\\REGISTRY\\USER\\S-1-5-21-319363115-539993444-1518226044-1001_Classes\\Local Settings\\MuiCache\\6\\52C64B7E\\C:\\Windows\\system32\\,@tzres.dll,-682'}",18037117
"registry:4980:1786724066620768400:/registry/user/s-1-5-21-319363115-539993444-1518226044-1001_classes/local settings/muicache/6/52c64b7e/c:/windows/system32/,@tzres.dll,-691","{'file': '\\REGISTRY\\USER\\S-1-5-21-319363115-539993444-1518226044-1001_Classes\\Local Settings\\MuiCache\\6\\52C64B7E\\C:\\Windows\\system32\\,@tzres.dll,-691'}",18037343
"registry:4980:1786724066620768400:/registry/user/s-1-5-21-319363115-539993444-1518226044-1001_classes/local settings/muicache/6/52c64b7e/c:/windows/system32/,@tzres.dll,-692","{'file': '\\REGISTRY\\USER\\S-1-5-21-319363115-539993444-1518226044-1001_Classes\\Local Settings\\MuiCache\\6\\52C64B7E\\C:\\Windows\\system32\\,@tzres.dll,-692'}",18037342
"registry:4980:1786724066620768400:/registry/user/s-1-5-21-319363115-539993444-1518226044-1001_classes/local settings/muicache/6/52c64b7e/c:/windows/system32/,@tzres.dll,-71","{'file': '\\REGISTRY\\USER\\S-1-5-21-319363115-539993444-1518226044-1001_Classes\\Local Settings\\MuiCache\\6\\52C64B7E\\C:\\Windows\\system32\\,@tzres.dll,-71'}",18037244
"registry:4980:1786724066620768400:/registry/user/s-1-5-21-319363115-539993444-1518226044-1001_classes/local settings/muicache/6/52c64b7e/c:/windows/system32/,@tzres.dll,-72","{'file': '\\REGISTRY\\USER\\S-1-5-21-319363115-539993444-1518226044-1001_Classes\\Local Settings\\MuiCache\\6\\52C64B7E\\C:\\Windows\\system32\\,@tzres.dll,-72'}",18037243
"registry:4980:1786724066620768400:/registry/user/s-1-5-21-319363115-539993444-1518226044-1001_classes/local settings/muicache/6/52c64b7e/c:/windows/system32/,@tzres.dll,-721","{'file': '\\REGISTRY\\USER\\S-1-5-21-319363115-539993444-1518226044-1001_Classes\\Local Settings\\MuiCache\\6\\52C64B7E\\C:\\Windows\\system32\\,@tzres.dll,-721'}",18037094
"registry:4980:1786724066620768400:/registry/user/s-1-5-21-319363115-539993444-1518226044-1001_classes/local settings/muicache/6/52c64b7e/c:/windows/system32/,@tzres.dll,-722","{'file': '\\REGISTRY\\USER\\S-1-5-21-319363115-539993444-1518226044-1001_Classes\\Local Settings\\MuiCache\\6\\52C64B7E\\C:\\Windows\\system32\\,@tzres.dll,-722'}",18037093
"registry:4980:1786724066620768400:/registry/user/s-1-5-21-319363115-539993444-1518226044-1001_classes/local settings/muicache/6/52c64b7e/c:/windows/system32/,@tzres.dll,-731","{'file': '\\REGISTRY\\USER\\S-1-5-21-319363115-539993444-1518226044-1001_Classes\\Local Settings\\MuiCache\\6\\52C64B7E\\C:\\Windows\\system32\\,@tzres.dll,-731'}",18037142
"registry:4980:1786724066620768400:/registry/user/s-1-5-21-319363115-539993444-1518226044-1001_classes/local settings/muicache/6/52c64b7e/c:/windows/system32/,@tzres.dll,-732","{'file': '\\REGISTRY\\USER\\S-1-5-21-319363115-539993444-1518226044-1001_Classes\\Local Settings\\MuiCache\\6\\52C64B7E\\C:\\Windows\\system32\\,@tzres.dll,-732'}",18037141
"registry:4980:1786724066620768400:/registry/user/s-1-5-21-319363115-539993444-1518226044-1001_classes/local settings/muicache/6/52c64b7e/c:/windows/system32/,@tzres.dll,-741","{'file': '\\REGISTRY\\USER\\S-1-5-21-319363115-539993444-1518226044-1001_Classes\\Local Settings\\MuiCache\\6\\52C64B7E\\C:\\Windows\\system32\\,@tzres.dll,-741'}",18037241
"registry:4980:1786724066620768400:/registry/user/s-1-5-21-319363115-539993444-1518226044-1001_classes/local settings/muicache/6/52c64b7e/c:/windows/system32/,@tzres.dll,-742","{'file': '\\REGISTRY\\USER\\S-1-5-21-319363115-539993444-1518226044-1001_Classes\\Local Settings\\MuiCache\\6\\52C64B7E\\C:\\Windows\\system32\\,@tzres.dll,-742'}",18037240
"registry:4980:1786724066620768400:/registry/user/s-1-5-21-319363115-539993444-1518226044-1001_classes/local settings/muicache/6/52c64b7e/c:/windows/system32/,@tzres.dll,-751","{'file': '\\REGISTRY\\USER\\S-1-5-21-319363115-539993444-1518226044-1001_Classes\\Local Settings\\MuiCache\\6\\52C64B7E\\C:\\Windows\\system32\\,@tzres.dll,-751'}",18037355
"registry:4980:1786724066620768400:/registry/user/s-1-5-21-319363115-539993444-1518226044-1001_classes/local settings/muicache/6/52c64b7e/c:/windows/system32/,@tzres.dll,-752","{'file': '\\REGISTRY\\USER\\S-1-5-21-319363115-539993444-1518226044-1001_Classes\\Local Settings\\MuiCache\\6\\52C64B7E\\C:\\Windows\\system32\\,@tzres.dll,-752'}",18037354
"registry:4980:1786724066620768400:/registry/user/s-1-5-21-319363115-539993444-1518226044-1001_classes/local settings/muicache/6/52c64b7e/c:/windows/system32/,@tzres.dll,-771","{'file': '\\REGISTRY\\USER\\S-1-5-21-319363115-539993444-1518226044-1001_Classes\\Local Settings\\MuiCache\\6\\52C64B7E\\C:\\Windows\\system32\\,@tzres.dll,-771'}",18037217
"registry:4980:1786724066620768400:/registry/user/s-1-5-21-319363115-539993444-1518226044-1001_classes/local settings/muicache/6/52c64b7e/c:/windows/system32/,@tzres.dll,-772","{'file': '\\REGISTRY\\USER\\S-1-5-21-319363115-539993444-1518226044-1001_Classes\\Local Settings\\MuiCache\\6\\52C64B7E\\C:\\Windows\\system32\\,@tzres.dll,-772'}",18037216
"registry:4980:1786724066620768400:/registry/user/s-1-5-21-319363115-539993444-1518226044-1001_classes/local settings/muicache/6/52c64b7e/c:/windows/system32/,@tzres.dll,-791","{'file': '\\REGISTRY\\USER\\S-1-5-21-319363115-539993444-1518226044-1001_Classes\\Local Settings\\MuiCache\\6\\52C64B7E\\C:\\Windows\\system32\\,@tzres.dll,-791'}",18037301
"registry:4980:1786724066620768400:/registry/user/s-1-5-21-319363115-539993444-1518226044-1001_classes/local settings/muicache/6/52c64b7e/c:/windows/system32/,@tzres.dll,-792","{'file': '\\REGISTRY\\USER\\S-1-5-21-319363115-539993444-1518226044-1001_Classes\\Local Settings\\MuiCache\\6\\52C64B7E\\C:\\Windows\\system32\\,@tzres.dll,-792'}",18037300
"registry:4980:1786724066620768400:/registry/user/s-1-5-21-319363115-539993444-1518226044-1001_classes/local settings/muicache/6/52c64b7e/c:/windows/system32/,@tzres.dll,-81","{'file': '\\REGISTRY\\USER\\S-1-5-21-319363115-539993444-1518226044-1001_Classes\\Local Settings\\MuiCache\\6\\52C64B7E\\C:\\Windows\\system32\\,@tzres.dll,-81'}",18037036
"registry:4980:1786724066620768400:/registry/user/s-1-5-21-319363115-539993444-1518226044-1001_classes/local settings/muicache/6/52c64b7e/c:/windows/system32/,@tzres.dll,-82","{'file': '\\REGISTRY\\USER\\S-1-5-21-319363115-539993444-1518226044-1001_Classes\\Local Settings\\MuiCache\\6\\52C64B7E\\C:\\Windows\\system32\\,@tzres.dll,-82'}",18037035
"registry:4980:1786724066620768400:/registry/user/s-1-5-21-319363115-539993444-1518226044-1001_classes/local settings/muicache/6/52c64b7e/c:/windows/system32/,@tzres.dll,-831","{'file': '\\REGISTRY\\USER\\S-1-5-21-319363115-539993444-1518226044-1001_Classes\\Local Settings\\MuiCache\\6\\52C64B7E\\C:\\Windows\\system32\\,@tzres.dll,-831'}",18037295
"registry:4980:1786724066620768400:/registry/user/s-1-5-21-319363115-539993444-1518226044-1001_classes/local settings/muicache/6/52c64b7e/c:/windows/system32/,@tzres.dll,-832","{'file': '\\REGISTRY\\USER\\S-1-5-21-319363115-539993444-1518226044-1001_Classes\\Local Settings\\MuiCache\\6\\52C64B7E\\C:\\Windows\\system32\\,@tzres.dll,-832'}",18037294
"registry:4980:1786724066620768400:/registry/user/s-1-5-21-319363115-539993444-1518226044-1001_classes/local settings/muicache/6/52c64b7e/c:/windows/system32/,@tzres.dll,-841","{'file': '\\REGISTRY\\USER\\S-1-5-21-319363115-539993444-1518226044-1001_Classes\\Local Settings\\MuiCache\\6\\52C64B7E\\C:\\Windows\\system32\\,@tzres.dll,-841'}",18037030
"registry:4980:1786724066620768400:/registry/user/s-1-5-21-319363115-539993444-1518226044-1001_classes/local settings/muicache/6/52c64b7e/c:/windows/system32/,@tzres.dll,-842","{'file': '\\REGISTRY\\USER\\S-1-5-21-319363115-539993444-1518226044-1001_Classes\\Local Settings\\MuiCache\\6\\52C64B7E\\C:\\Windows\\system32\\,@tzres.dll,-842'}",18037029
"registry:4980:1786724066620768400:/registry/user/s-1-5-21-319363115-539993444-1518226044-1001_classes/local settings/muicache/6/52c64b7e/c:/windows/system32/,@tzres.dll,-871","{'file': '\\REGISTRY\\USER\\S-1-5-21-319363115-539993444-1518226044-1001_Classes\\Local Settings\\MuiCache\\6\\52C64B7E\\C:\\Windows\\system32\\,@tzres.dll,-871'}",18037271
"registry:4980:1786724066620768400:/registry/user/s-1-5-21-319363115-539993444-1518226044-1001_classes/local settings/muicache/6/52c64b7e/c:/windows/system32/,@tzres.dll,-872","{'file': '\\REGISTRY\\USER\\S-1-5-21-319363115-539993444-1518226044-1001_Classes\\Local Settings\\MuiCache\\6\\52C64B7E\\C:\\Windows\\system32\\,@tzres.dll,-872'}",18037270
"registry:4980:1786724066620768400:/registry/user/s-1-5-21-319363115-539993444-1518226044-1001_classes/local settings/muicache/6/52c64b7e/c:/windows/system32/,@tzres.dll,-891","{'file': '\\REGISTRY\\USER\\S-1-5-21-319363115-539993444-1518226044-1001_Classes\\Local Settings\\MuiCache\\6\\52C64B7E\\C:\\Windows\\system32\\,@tzres.dll,-891'}",18037220
"registry:4980:1786724066620768400:/registry/user/s-1-5-21-319363115-539993444-1518226044-1001_classes/local settings/muicache/6/52c64b7e/c:/windows/system32/,@tzres.dll,-892","{'file': '\\REGISTRY\\USER\\S-1-5-21-319363115-539993444-1518226044-1001_Classes\\Local Settings\\MuiCache\\6\\52C64B7E\\C:\\Windows\\system32\\,@tzres.dll,-892'}",18037219
"registry:4980:1786724066620768400:/registry/user/s-1-5-21-319363115-539993444-1518226044-1001_classes/local settings/muicache/6/52c64b7e/c:/windows/system32/,@tzres.dll,-91","{'file': '\\REGISTRY\\USER\\S-1-5-21-319363115-539993444-1518226044-1001_Classes\\Local Settings\\MuiCache\\6\\52C64B7E\\C:\\Windows\\system32\\,@tzres.dll,-91'}",18037262
"registry:4980:1786724066620768400:/registry/user/s-1-5-21-319363115-539993444-1518226044-1001_classes/local settings/muicache/6/52c64b7e/c:/windows/system32/,@tzres.dll,-911","{'file': '\\REGISTRY\\USER\\S-1-5-21-319363115-539993444-1518226044-1001_Classes\\Local Settings\\MuiCache\\6\\52C64B7E\\C:\\Windows\\system32\\,@tzres.dll,-911'}",18037208
"registry:4980:1786724066620768400:/registry/user/s-1-5-21-319363115-539993444-1518226044-1001_classes/local settings/muicache/6/52c64b7e/c:/windows/system32/,@tzres.dll,-912","{'file': '\\REGISTRY\\USER\\S-1-5-21-319363115-539993444-1518226044-1001_Classes\\Local Settings\\MuiCache\\6\\52C64B7E\\C:\\Windows\\system32\\,@tzres.dll,-912'}",18037207
"registry:4980:1786724066620768400:/registry/user/s-1-5-21-319363115-539993444-1518226044-1001_classes/local settings/muicache/6/52c64b7e/c:/windows/system32/,@tzres.dll,-92","{'file': '\\REGISTRY\\USER\\S-1-5-21-319363115-539993444-1518226044-1001_Classes\\Local Settings\\MuiCache\\6\\52C64B7E\\C:\\Windows\\system32\\,@tzres.dll,-92'}",18037261
"registry:4980:1786724066620768400:/registry/user/s-1-5-21-319363115-539993444-1518226044-1001_classes/local settings/muicache/6/52c64b7e/c:/windows/system32/,@tzres.dll,-931","{'file': '\\REGISTRY\\USER\\S-1-5-21-319363115-539993444-1518226044-1001_Classes\\Local Settings\\MuiCache\\6\\52C64B7E\\C:\\Windows\\system32\\,@tzres.dll,-931'}",18037376
"registry:4980:1786724066620768400:/registry/user/s-1-5-21-319363115-539993444-1518226044-1001_classes/local settings/muicache/6/52c64b7e/c:/windows/system32/,@tzres.dll,-932","{'file': '\\REGISTRY\\USER\\S-1-5-21-319363115-539993444-1518226044-1001_Classes\\Local Settings\\MuiCache\\6\\52C64B7E\\C:\\Windows\\system32\\,@tzres.dll,-932'}",18037375
"registry:4980:1786724066620768400:/registry/user/s-1-5-21-319363115-539993444-1518226044-1001_classes/local settings/muicache/6/52c64b7e/c:/windows/system32/,@tzres.dll,-961","{'file': '\\REGISTRY\\USER\\S-1-5-21-319363115-539993444-1518226044-1001_Classes\\Local Settings\\MuiCache\\6\\52C64B7E\\C:\\Windows\\system32\\,@tzres.dll,-961'}",18037274
"registry:4980:1786724066620768400:/registry/user/s-1-5-21-319363115-539993444-1518226044-1001_classes/local settings/muicache/6/52c64b7e/c:/windows/system32/,@tzres.dll,-962","{'file': '\\REGISTRY\\USER\\S-1-5-21-319363115-539993444-1518226044-1001_Classes\\Local Settings\\MuiCache\\6\\52C64B7E\\C:\\Windows\\system32\\,@tzres.dll,-962'}",18037273
"registry:4980:1786724066620768400:/registry/user/s-1-5-21-319363115-539993444-1518226044-1001_classes/local settings/muicache/6/52c64b7e/c:/windows/system32/,@tzres.dll,-981","{'file': '\\REGISTRY\\USER\\S-1-5-21-319363115-539993444-1518226044-1001_Classes\\Local Settings\\MuiCache\\6\\52C64B7E\\C:\\Windows\\system32\\,@tzres.dll,-981'}",18037184
"registry:4980:1786724066620768400:/registry/user/s-1-5-21-319363115-539993444-1518226044-1001_classes/local settings/muicache/6/52c64b7e/c:/windows/system32/,@tzres.dll,-982","{'file': '\\REGISTRY\\USER\\S-1-5-21-319363115-539993444-1518226044-1001_Classes\\Local Settings\\MuiCache\\6\\52C64B7E\\C:\\Windows\\system32\\,@tzres.dll,-982'}",18037183
registry:6228:1786723997580106100:/registry/machine/system/controlset001/services/bam/state/usersettings/s-1-5-21-319363115-539993444-1518226044-1001//device/harddiskvolume3/windows/system32/cmd.exe,{'file': '\\REGISTRY\\MACHINE\\SYSTEM\\ControlSet001\\Services\\bam\\State\\UserSettings\\S-1-5-21-319363115-539993444-1518226044-1001\\\\Device\\HarddiskVolume3\\Windows\\System32\\cmd.exe'},18011848
registry:7248:1786724159538793000:sliver,{'file': 'Sliver'},18025735
registry:7248:1786724159538793000:software/microsoft/windows/currentversion/run,{'file': 'Software\\Microsoft\\Windows\\CurrentVersion\\Run'},18025734
registry:8364:1786724176995728600:/registry/machine/software/microsoft/rfc1156agent/currentversion,{'file': '\\REGISTRY\\MACHINE\\SOFTWARE\\MICROSOFT\\RFC1156AGENT\\CurrentVersion'},18026293
registry:8364:1786724176995728600:/registry/machine/software/microsoft/rfc1156agent/currentversion/parameters,{'file': '\\REGISTRY\\MACHINE\\SOFTWARE\\MICROSOFT\\RFC1156AGENT\\CURRENTVERSION\\Parameters'},18026294
registry:8364:1786724176995728600:/registry/machine/software/microsoft/rfc1156agent/currentversion/parameters/trappolltimemillisecs,{'file': '\\REGISTRY\\MACHINE\\SOFTWARE\\MICROSOFT\\RFC1156AGENT\\CURRENTVERSION\\PARAMETERS\\TrapPollTimeMilliSecs'},18026295
registry:8364:1786724176995728600:microsoft,{'file': 'Microsoft'},18026291
registry:8364:1786724176995728600:rfc1156agent,{'file': 'RFC1156Agent'},18026292
registry:8364:1786724176995728600:software,{'file': 'Software'},18026290
registry:8364:1786724176995728600:software/microsoft/rfc1156agent/currentversion/parameters,{'file': 'Software\\Microsoft\\RFC1156Agent\\CurrentVersion\\Parameters'},18026289
subject:1092:1786724207701199400,{'subject': 'PING.EXE'},18029207
subject:1120:1786724196121525200,{'subject': 'PING.EXE'},18027204
subject:1128:1786724197199258300,{'subject': 'PING.EXE'},18027435
subject:1160:1786724204694330300,{'subject': 'PING.EXE'},18028745
subject:1224:1786724133895755400,{'subject': 'conhost.exe'},18022490
subject:1280:1786724205194996200,{'subject': 'PING.EXE'},18028822
subject:1408:1786724111617353500,{'subject': 'net1.exe'},18021607
subject:1520:1786724209704670200,{'subject': 'PING.EXE'},18029515
subject:1660:1786723997738482200,{'subject': 'powershell.exe'},18009221
subject:1668:1786724215665328000,{'subject': 'powershell.exe'},18029954
subject:1704:1786724209203900400,{'subject': 'PING.EXE'},18029438
subject:1760:1786724101576768200,{'subject': 'net1.exe'},18020610
subject:1760:1786724202690281400,{'subject': 'PING.EXE'},18028359
subject:2000:1786724103226153700,{'subject': 'cmd.exe'},18020683
subject:2000:1786724204210444900,{'subject': 'PING.EXE'},18028667
subject:2028:1786724104992968200,{'subject': 'cmd.exe'},18021018
subject:2028:1786724206196408600,{'subject': 'PING.EXE'},18028976
subject:2136:1786724199716037100,{'subject': 'PING.EXE'},18027897
subject:2220:1786724215668796400,{'subject': 'conhost.exe'},18029965
subject:232:1786724205695316400,{'subject': 'PING.EXE'},18028899
subject:2596:1786724095749188400,{'subject': 'conhost.exe'},18015759
subject:3000:1786724201208628900,{'subject': 'PING.EXE'},18028128
subject:3084:1786724207198765000,{'subject': 'PING.EXE'},18029130
subject:3328:1786724198199868500,{'subject': 'PING.EXE'},18027589
subject:3392:1786724097749759500,{'subject': 'systeminfo.exe'},18016295
subject:3392:1786724200707068200,{'subject': 'PING.EXE'},18028051
subject:3820:1786724200206140500,{'subject': 'PING.EXE'},18027974
subject:3832:1786724208200652500,{'subject': 'PING.EXE'},18029284
subject:388:1786724133891505900,{'subject': 'cmd.exe'},18022480
subject:4004:1786724210205723400,{'subject': 'PING.EXE'},18029592
subject:4088:1786724196025822800,{'subject': 'conhost.exe'},18026914
subject:4296:1786724181278613400,{'subject': 'conhost.exe'},18026633
subject:4520:1786724238898812900,{'subject': 'tar.exe'},18036903
subject:4528:1786724161477334000,{'subject': 'cmd.exe'},18025746
subject:4620:1786724142724321900,{'subject': 'cmd.exe'},18024226
subject:4636:1786724131916420700,{'subject': 'conhost.exe'},18021778
subject:4688:1786724101480409400,{'subject': 'cmd.exe'},18020348
subject:4696:1786724238803678800,{'subject': 'cmd.exe'},18036692
subject:4848:1786724196697372100,{'subject': 'PING.EXE'},18027358
subject:4864:1786724221482738200,{'subject': 'powershell.exe'},18033497
subject:4932:1786724181275820600,{'subject': 'cmd.exe'},18026623
subject:4980:1786724066620768400,{'subject': 'update.exe'},18011677
subject:5128:1786724133981535900,{'subject': 'reg.exe'},18022690
subject:5140:1786724111532183800,{'subject': 'conhost.exe'},18021358
subject:5140:1786724208701651200,{'subject': 'PING.EXE'},18029361
subject:5152:1786724196022756400,{'subject': 'cmd.exe'},18026904
subject:5164:1786724095745984000,{'subject': 'cmd.exe'},18015742
subject:5212:1786724211693382000,{'subject': 'PING.EXE'},18029823
subject:5220:1786724140362352600,{'subject': 'cmd.exe'},18023757
subject:5304:1786724159441506900,{'subject': 'cmd.exe'},18025485
subject:5372:1786724105095887100,{'subject': 'ipconfig.exe'},18021228
subject:5376:1786724198701974700,{'subject': 'PING.EXE'},18027666
subject:5400:1786724097635545300,{'subject': 'cmd.exe'},18016085
subject:5492:1786724161550081400,{'subject': 'reg.exe'},18025954
subject:5500:1786724201710514800,{'subject': 'PING.EXE'},18028205
subject:5512:1786723998515982600,{'subject': 'cvtres.exe'},18010783
subject:5652:1786724142727299900,{'subject': 'conhost.exe'},18024236
subject:5792:1786724161480452700,{'subject': 'conhost.exe'},18025756
subject:5864:1786724203692720900,{'subject': 'PING.EXE'},18028513
subject:5900:1786724142812666500,{'subject': 'rundll32.exe'},18024437
subject:5968:1786724204196719700,{'subject': 'PING.EXE'},18028590
subject:5972:1786724159444700100,{'subject': 'conhost.exe'},18025495
subject:5984:1786724202211699800,{'subject': 'PING.EXE'},18028282
subject:6140:1786724179262295100,{'subject': 'ROUTE.EXE'},18026525
subject:6228:1786723997580106100,{'subject': 'cmd.exe'},18008944
subject:6612:1786724103329300600,{'subject': 'net1.exe'},18020942
subject:6704:1786724132007800600,{'subject': 'reg.exe'},18021978
subject:6744:1786723997591755700,{'subject': 'conhost.exe'},18008962
subject:6892:1786724131913074600,{'subject': 'cmd.exe'},18021768
subject:7040:1786724101484050800,{'subject': 'conhost.exe'},18020358
subject:7132:1786724203192015300,{'subject': 'PING.EXE'},18028436
subject:7248:1786724159538793000,{'subject': 'reg.exe'},18025696
subject:7248:1786724238806593500,{'subject': 'conhost.exe'},18036702
subject:7272:1786724199202759800,{'subject': 'PING.EXE'},18027743
subject:7288:1786724111610630900,{'subject': 'net.exe'},18021558
subject:7312:1786724211194389300,{'subject': 'PING.EXE'},18029746
subject:7468:1786724221485519100,{'subject': 'conhost.exe'},18033507
subject:7476:1786724179186520500,{'subject': 'conhost.exe'},18026327
subject:7660:1786724111526764500,{'subject': 'cmd.exe'},18021348
subject:7736:1786724140365519000,{'subject': 'conhost.exe'},18023767
subject:7780:1786724103319917900,{'subject': 'net.exe'},18020893
subject:7796:1786724097638907800,{'subject': 'conhost.exe'},18016095
subject:780:1786724206697983700,{'subject': 'PING.EXE'},18029053
subject:8084:1786724197699909900,{'subject': 'PING.EXE'},18027512
subject:8140:1786723998412743600,{'subject': 'csc.exe'},18010558
subject:8140:1786724140457697900,{'subject': 'tasklist.exe'},18023967
subject:8208:1786724210690655800,{'subject': 'PING.EXE'},18029669
subject:8340:1786724176911653100,{'subject': 'cmd.exe'},18026006
subject:8360:1786724199704812400,{'subject': 'PING.EXE'},18027820
subject:8364:1786724176995728600,{'subject': 'ARP.EXE'},18026217
subject:8624:1786724176914843100,{'subject': 'conhost.exe'},18026016
subject:8660:1786724181363467000,{'subject': 'net.exe'},18026834
subject:8668:1786724196106879000,{'subject': 'PING.EXE'},18027115
subject:8736:1786724095841656700,{'subject': 'whoami.exe'},18015959
subject:8840:1786724104996335100,{'subject': 'conhost.exe'},18021028
subject:9124:1786724103229197100,{'subject': 'conhost.exe'},18020693
subject:9132:1786724179183438900,{'subject': 'cmd.exe'},18026317
subject:9204:1786724101565195100,{'subject': 'net.exe'},18020558
subject:976:1786724196200520400,{'subject': 'PING.EXE'},18027281
